{
  "agentic_provenance": "project_attested",
  "axes": {
    "coding": {
      "ambiguous_or_contaminated_final_rate": 0.0,
      "budget_cap_hit_rate": 0.0,
      "conditional_accuracy": 0.33783783783783783,
      "empty_final_rate": 0.0,
      "hi": 43.262411347517734,
      "hi_raw": 0.4326241134751773,
      "leaked_reasoning_rate": 0.0,
      "lo": 27.659574468085108,
      "lo_raw": 0.2765957446808511,
      "measurement_truncation_rate": 0.0,
      "n": 141,
      "n_errors": 0,
      "n_no_answer": 0,
      "no_final_answer_rate": 0.0,
      "point": 35.46099290780142,
      "point_raw": 0.3546099290780142,
      "raw_accuracy": 0.3546099290780142,
      "termination_rate": 1.0,
      "truncation_rate": 0.0
    },
    "instruction": {
      "ambiguous_or_contaminated_final_rate": 0.0,
      "budget_cap_hit_rate": 0.006802721088435374,
      "conditional_accuracy": 0.797945205479452,
      "empty_final_rate": 0.0,
      "hi": 84.01360544217688,
      "hi_raw": 0.8401360544217688,
      "leaked_reasoning_rate": 0.0,
      "lo": 74.48979591836735,
      "lo_raw": 0.7448979591836735,
      "measurement_truncation_rate": 0.0,
      "n": 294,
      "n_errors": 0,
      "n_no_answer": 0,
      "no_final_answer_rate": 0.0,
      "point": 79.25170068027211,
      "point_raw": 0.7925170068027211,
      "raw_accuracy": 0.7925170068027211,
      "termination_rate": 0.9931972789115646,
      "truncation_rate": 0.006802721088435374
    },
    "knowledge": {
      "ambiguous_or_contaminated_final_rate": 0.0,
      "budget_cap_hit_rate": 0.0,
      "conditional_accuracy": 0.8875,
      "empty_final_rate": 0.0,
      "hi": 90.73884340226117,
      "hi_raw": 0.9073884340226117,
      "leaked_reasoning_rate": 0.0,
      "lo": 83.72281567670144,
      "lo_raw": 0.8372281567670145,
      "measurement_truncation_rate": 0.0,
      "n": 400,
      "n_errors": 0,
      "n_no_answer": 1,
      "no_final_answer_rate": 0.0,
      "point": 87.3711500939925,
      "point_raw": 0.873711500939925,
      "raw_accuracy": 0.8875,
      "termination_rate": 1.0,
      "truncation_rate": 0.0
    },
    "math": {
      "ambiguous_or_contaminated_final_rate": 0.0,
      "budget_cap_hit_rate": 0.06846153846153846,
      "conditional_accuracy": 0.5150262768508597,
      "empty_final_rate": 0.0,
      "hi": 56.11510791366906,
      "hi_raw": 0.5611510791366906,
      "leaked_reasoning_rate": 0.0,
      "lo": 39.568345323741006,
      "lo_raw": 0.39568345323741005,
      "measurement_truncation_rate": 0.0,
      "n": 139,
      "n_errors": 0,
      "n_no_answer": 6,
      "no_final_answer_rate": 0.0,
      "point": 48.201438848920866,
      "point_raw": 0.48201438848920863,
      "raw_accuracy": 0.48201438848920863,
      "termination_rate": 0.935251798561151,
      "truncation_rate": 0.06846153846153846
    },
    "tool_use": {
      "ambiguous_or_contaminated_final_rate": 0.0,
      "budget_cap_hit_rate": 0.0,
      "conditional_accuracy": 0.09895833333333333,
      "empty_final_rate": 1.0,
      "facets": {
        "agentic": {
          "bench": "appworld_c",
          "hi": 18.947368421052634,
          "hi_raw": 0.18947368421052632,
          "lo": 3.3333333333333335,
          "lo_raw": 0.03333333333333333,
          "n": 96,
          "point": 10.416666666666668,
          "point_raw": 0.10416666666666667,
          "raw_accuracy": 0.10416666666666667,
          "weight": 1.0
        }
      },
      "hi": 18.947368421052634,
      "hi_raw": 0.18947368421052632,
      "leaked_reasoning_rate": 0.0,
      "lo": 3.3333333333333335,
      "lo_raw": 0.03333333333333333,
      "measurement_truncation_rate": 0.0,
      "n": 96,
      "n_errors": 0,
      "n_no_answer": 0,
      "no_final_answer_rate": 1.0,
      "point": 10.416666666666668,
      "point_raw": 0.10416666666666667,
      "raw_accuracy": 0.10416666666666667,
      "termination_rate": 1.0,
      "truncation_rate": 0.0
    }
  },
  "axis_status": {
    "bfcl_multi_turn_long_context": {
      "axis": "bfcl_multi_turn_long_context",
      "reason": "not_run",
      "status": "not_measured"
    },
    "bfcl_single_turn": {
      "axis": "bfcl_single_turn",
      "reason": "not_run",
      "status": "not_measured"
    },
    "call_formatting": {
      "axis": "call_formatting",
      "reason": "not_run",
      "status": "not_measured"
    },
    "coding": {
      "axis": "coding",
      "reason": "ok",
      "status": "measured"
    },
    "instruction_following": {
      "axis": "instruction_following",
      "reason": "ok",
      "status": "measured"
    },
    "knowledge": {
      "axis": "knowledge",
      "reason": "ok",
      "status": "measured"
    },
    "long_context": {
      "axis": "long_context",
      "reason": "not_run",
      "status": "not_measured"
    },
    "math": {
      "axis": "math",
      "reason": "ok",
      "status": "measured"
    },
    "tool_use": {
      "axis": "tool_use",
      "reason": "ok",
      "status": "measured"
    }
  },
  "composite": {
    "hi": 54.73817869099064,
    "hi_raw": 0.5473817869099064,
    "lo": 48.761276999087,
    "lo_raw": 0.48761276999087,
    "point": 51.68813940880058,
    "point_raw": 0.5168813940880058
  },
  "composite_full": {
    "hi": 54.73817869099064,
    "hi_raw": 0.5473817869099064,
    "lo": 48.761276999087,
    "lo_raw": 0.48761276999087,
    "point": 51.68813940880058,
    "point_raw": 0.5168813940880058
  },
  "composite_static": {
    "hi": 68.42500482619727,
    "hi_raw": 0.6842500482619727,
    "lo": 62.343050867343344,
    "lo_raw": 0.6234305086734334,
    "point": 65.44529698951189,
    "point_raw": 0.6544529698951189
  },
  "conformance": {
    "n_scored": 1457,
    "per_bench": {
      "amo": {
        "ambiguous_or_contaminated_final_rate": 0.0,
        "budget_cap_hit_rate": 0.07692307692307693,
        "empty_final_rate": 0.0,
        "forced": false,
        "leaked_reasoning_rate": 0.0,
        "measurement_truncation_rate": 0.0,
        "n_scored": 39,
        "no_final_answer_rate": 0.0,
        "reasons": [
          "budget_cap_hit_rate=8% - visible scored cap hits, not exclusions"
        ],
        "status": "headline-comparable",
        "truncation_rate": 0.07692307692307693
      },
      "appworld_c": {
        "ambiguous_or_contaminated_final_rate": 0.0,
        "budget_cap_hit_rate": 0.0,
        "empty_final_rate": 1.0,
        "forced": false,
        "leaked_reasoning_rate": 0.0,
        "measurement_truncation_rate": 0.0,
        "n_scored": 96,
        "no_final_answer_rate": 1.0,
        "reasons": [
          "empty_final_rate=100% - scored as zero, not an automatic exclusion"
        ],
        "status": "headline-comparable",
        "truncation_rate": 0.0
      },
      "bfcl_multi_turn_base": {
        "ambiguous_or_contaminated_final_rate": 0.0,
        "budget_cap_hit_rate": 0.0,
        "empty_final_rate": 0.0,
        "forced": false,
        "leaked_reasoning_rate": 0.0,
        "measurement_truncation_rate": 0.0,
        "n_scored": 50,
        "no_final_answer_rate": 0.0,
        "reasons": [],
        "status": "headline-comparable",
        "truncation_rate": 0.0
      },
      "bigcodebench_hard": {
        "ambiguous_or_contaminated_final_rate": 0.0,
        "budget_cap_hit_rate": 0.0,
        "empty_final_rate": 0.0,
        "forced": false,
        "leaked_reasoning_rate": 0.0,
        "measurement_truncation_rate": 0.0,
        "n_scored": 148,
        "no_final_answer_rate": 0.0,
        "reasons": [],
        "status": "headline-comparable",
        "truncation_rate": 0.0
      },
      "ifbench": {
        "ambiguous_or_contaminated_final_rate": 0.0,
        "budget_cap_hit_rate": 0.006802721088435374,
        "empty_final_rate": 0.0,
        "forced": false,
        "leaked_reasoning_rate": 0.0,
        "measurement_truncation_rate": 0.0,
        "n_scored": 294,
        "no_final_answer_rate": 0.0,