{
  "axes": {
    "coding": {
      "conditional_accuracy": 0.02127659574468085,
      "hi": 4.964539007092199,
      "hi_raw": 0.04964539007092199,
      "lo": 0.0,
      "lo_raw": 0.0,
      "n": 141,
      "n_errors": 0,
      "n_no_answer": 75,
      "n_unscoreable": 7,
      "point": 2.127659574468085,
      "point_raw": 0.02127659574468085,
      "raw_accuracy": 0.02127659574468085,
      "termination_rate": 1.0
    },
    "instruction": {
      "conditional_accuracy": 0.37383177570093457,
      "hi": 32.31292517006803,
      "hi_raw": 0.3231292517006803,
      "lo": 22.108843537414966,
      "lo_raw": 0.22108843537414966,
      "n": 294,
      "n_errors": 0,
      "n_no_answer": 0,
      "point": 27.2108843537415,
      "point_raw": 0.272108843537415,
      "raw_accuracy": 0.272108843537415,
      "termination_rate": 0.7278911564625851
    },
    "knowledge": {
      "conditional_accuracy": 0.7111111111111111,
      "hi": 28.717158308313213,
      "hi_raw": 0.2871715830831321,
      "lo": 18.61407838350721,
      "lo_raw": 0.1861407838350721,
      "n": 400,
      "n_errors": 3,
      "n_no_answer": 208,
      "point": 23.66561834591021,
      "point_raw": 0.2366561834591021,
      "raw_accuracy": 0.32,
      "termination_rate": 0.45
    },
    "math": {
      "conditional_accuracy": 0.0,
      "hi": 0.0,
      "hi_raw": 0.0,
      "lo": 0.0,
      "lo_raw": 0.0,
      "n": 139,
      "n_errors": 0,
      "n_no_answer": 138,
      "point": 0.0,
      "point_raw": 0.0,
      "raw_accuracy": 0.0,
      "termination_rate": 0.0
    },
    "tool_calling": {
      "conditional_accuracy": 0.2604501607717042,
      "hi": 29.09090909090909,
      "hi_raw": 0.2909090909090909,
      "lo": 20.0,
      "lo_raw": 0.2,
      "n": 330,
      "n_errors": 0,
      "n_no_answer": 204,
      "point": 24.545454545454547,
      "point_raw": 0.24545454545454545,
      "raw_accuracy": 0.24545454545454545,
      "termination_rate": 0.9424242424242424
    }
  },
  "axis_status": {
    "agentic": {
      "axis": "agentic",
      "reason": "ok",
      "status": "measured"
    },
    "coding": {
      "axis": "coding",
      "detail": "BigCodeBench-Hard artifacts generated; verifier verdict pending",
      "reason": "verdict_pending",
      "status": "generated_unverified"
    },
    "instruction_following": {
      "axis": "instruction_following",
      "reason": "ok",
      "status": "measured"
    },
    "knowledge": {
      "axis": "knowledge",
      "reason": "ok",
      "status": "measured"
    },
    "long_context": {
      "axis": "long_context",
      "reason": "not_run",
      "status": "not_measured"
    },
    "math": {
      "axis": "math",
      "reason": "ok",
      "status": "measured"
    },
    "tool_calling": {
      "axis": "tool_calling",
      "reason": "ok",
      "status": "measured"
    }
  },
  "composite": {
    "hi": 21.34714046985321,
    "hi_raw": 0.2134714046985321,
    "lo": 13.514063813563876,
    "lo_raw": 0.13514063813563876,
    "point": 17.34194965943904,
    "point_raw": 0.1734194965943904
  },
  "composite_full": null,
  "composite_static": {
    "hi": 22.068610489195567,
    "hi_raw": 0.22068610489195567,
    "lo": 14.180730480230544,
    "lo_raw": 0.14180730480230544,
    "point": 18.053748498897455,
    "point_raw": 0.18053748498897454
  },
  "conformance": {
    "n_scored": 1308,
    "per_bench": {
      "amo": {
        "ambiguous_or_contaminated_final_rate": 0.38461538461538464,
        "budget_cap_hit_rate": 1.0,
        "empty_final_rate": 0.0,
        "forced": false,
        "leaked_reasoning_rate": 0.38461538461538464,
        "measurement_truncation_rate": 0.0,
        "n_scored": 39,
        "no_final_answer_rate": 0.38461538461538464,
        "reasons": [
          "chain-of-thought leaked into scored content in 38% of items",
          "budget_cap_hit_rate=100% - visible scored cap hits, not exclusions"
        ],
        "status": "diagnostic-only",
        "truncation_rate": 1.0
      },
      "bigcodebench_hard": {
        "ambiguous_or_contaminated_final_rate": 0.0472972972972973,
        "budget_cap_hit_rate": 0.5405405405405406,
        "empty_final_rate": 0.0,
        "forced": false,
        "leaked_reasoning_rate": 0.0472972972972973,
        "measurement_truncation_rate": 0.0,
        "n_scored": 148,
        "no_final_answer_rate": 0.0472972972972973,
        "reasons": [
          "chain-of-thought leaked into scored content in 5% of items (IFBench/MCQ corrupting)",
          "ambiguous_or_contaminated_final_rate=5% - final text is not a clean final answer",
          "budget_cap_hit_rate=54% - visible scored cap hits, not exclusions"
        ],
        "status": "nonconformant",
        "truncation_rate": 0.5405405405405406
      },
      "ifbench": {
        "ambiguous_or_contaminated_final_rate": 0.006802721088435374,
        "budget_cap_hit_rate": 0.272108843537415,
        "empty_final_rate": 0.0,
        "forced": false,
        "leaked_reasoning_rate": 0.006802721088435374,
        "measurement_truncation_rate": 0.0,
        "n_scored": 294,
        "no_final_answer_rate": 0.006802721088435374,
        "reasons": [
          "budget_cap_hit_rate=27% - visible scored cap hits, not exclusions"
        ],
        "status": "headline-comparable",
        "truncation_rate": 0.272108843537415
      },
      "mmlu_pro": {
        "ambiguous_or_contaminated_final_rate": 0.02518891687657431,
        "budget_cap_hit_rate": 0.5465994962216625,
        "empty_final_rate": 0.0,
        "forced": false,
        "leaked_reasoning_rate": 0.02518891687657431,
        "measurement_truncation_rate": 0.0,
        "n_scored": 397,
        "no_final_answer_rate": 0.02518891687657431,
        "reasons": [
          "chain-of-thought leaked into scored content in 3% of items (IFBench/MCQ corrupting)",
          "ambiguous_or_contaminated_final_rate=3% - final text is not a clean final answer",
          "budget_cap_hit_rate=55% - visible scored cap hits, not exclusions"
        ],
        "status": "nonconformant",
        "truncation_rate": 0.5465994962216625
      },
      "olymmath_hard": {
        "ambiguous_or_contaminated_final_rate": 0.29,
        "budget_cap_hit_rate": 1.0,
        "empty_final_rate": 0.0,
        "forced": false,
        "leaked_reasoning_rate": 0.29,
        "measurement_truncation_rate": 0.0,
        "n_scored": 100,
        "no_final_answer_rate": 0.29,
        "reasons": [
          "chain-of-thought leaked into scored content in 29% of items",
          "budget_cap_hit_rate=100% - visible scored cap hits, not exclusions"
        ],
        "status": "diagnostic-only",
        "truncation_rate": 1.0
      },
      "tc_json_v1": {
        "ambiguous_or_contaminated_final_rate": 0.09090909090909091,
        "budget_cap_hit_rate": 0.05757575757575758,
        "empty_final_rate": 0.01818181818181818,
        "forced": false,
        "leaked_reasoning_rate": 0.09090909090909091,
        "measurement_truncation_rate": 0.0,
        "n_scored": 330,
        "no_final_answer_rate": 0.10909090909090909,
        "reasons": [
          "chain-of-thought leaked into scored content in 9% of items (IFBench/MCQ corrupting)",
          "ambiguous_or_contaminated_final_rate=9% - final text is not a clean final answer",
          "budget_cap_hit_rate=6% - visible scored cap hits, not exclusions",
          "empty_final_rate=2% - scored as zero, not an automatic exclusion"
        ],
        "status": "nonconformant",
        "truncation_rate": 0.05757575757575758
      }
    },
    "reasons": [
      "olymmath_hard: chain-of-thought leaked into scored content in 29% of items",
      "olymmath_hard: budget_cap_hit_rate=100% - visible scored cap hits, not exclusions"
    ],
    "status": "diagnostic-only",
    "worst_bench": "olymmath_hard"
  },
  "contamination_label": "unverified",