{
  "agentic_provenance": "project_attested",
  "axes": {
    "agentic": {
      "conditional_accuracy": 0.041666666666666664,
      "hi": 8.333333333333332,
      "hi_raw": 0.08333333333333333,
      "lo": 1.0416666666666665,
      "lo_raw": 0.010416666666666666,
      "n": 96,
      "n_errors": 0,
      "n_no_answer": 0,
      "point": 4.166666666666666,
      "point_raw": 0.041666666666666664,
      "raw_accuracy": 0.041666666666666664,
      "termination_rate": 1.0
    },
    "coding": {
      "conditional_accuracy": 0.28368794326241137,
      "hi": 36.17021276595745,
      "hi_raw": 0.3617021276595745,
      "lo": 21.27659574468085,
      "lo_raw": 0.2127659574468085,
      "n": 141,
      "n_errors": 0,
      "n_no_answer": 0,
      "n_unscoreable": 7,
      "point": 28.368794326241137,
      "point_raw": 0.28368794326241137,
      "raw_accuracy": 0.28368794326241137,
      "termination_rate": 1.0
    },
    "instruction": {
      "conditional_accuracy": 0.6950354609929078,
      "hi": 72.10884353741497,
      "hi_raw": 0.7210884353741497,
      "lo": 61.224489795918366,
      "lo_raw": 0.6122448979591837,
      "n": 294,
      "n_errors": 0,
      "n_no_answer": 0,
      "point": 66.66666666666666,
      "point_raw": 0.6666666666666666,
      "raw_accuracy": 0.6666666666666666,
      "termination_rate": 0.9591836734693877
    },
    "knowledge": {
      "conditional_accuracy": 0.8172323759791122,
      "hi": 80.07448125941039,
      "hi_raw": 0.8007448125941039,
      "lo": 70.81332466167156,
      "lo_raw": 0.7081332466167156,
      "n": 400,
      "n_errors": 0,
      "n_no_answer": 16,
      "point": 75.58422351505216,
      "point_raw": 0.7558422351505216,
      "raw_accuracy": 0.7825,
      "termination_rate": 0.9575
    },
    "math": {
      "conditional_accuracy": 0.32682425488180883,
      "hi": 17.26618705035971,
      "hi_raw": 0.17266187050359713,
      "lo": 6.474820143884892,
      "lo_raw": 0.06474820143884892,
      "n": 139,
      "n_errors": 0,
      "n_no_answer": 87,
      "point": 11.510791366906476,
      "point_raw": 0.11510791366906475,
      "raw_accuracy": 0.11510791366906475,
      "termination_rate": 0.35251798561151076
    },
    "tool_calling": {
      "conditional_accuracy": 0.7363636363636363,
      "hi": 78.18181818181819,
      "hi_raw": 0.7818181818181819,
      "lo": 68.78787878787878,
      "lo_raw": 0.6878787878787879,
      "n": 330,
      "n_errors": 0,
      "n_no_answer": 0,
      "point": 73.63636363636363,
      "point_raw": 0.7363636363636363,
      "raw_accuracy": 0.7363636363636363,
      "termination_rate": 1.0
    }
  },
  "axis_status": {
    "agentic": {
      "axis": "agentic",
      "reason": "ok",
      "status": "measured"
    },
    "coding": {
      "axis": "coding",
      "detail": "BigCodeBench-Hard artifacts generated; verifier verdict pending",
      "reason": "verdict_pending",
      "status": "generated_unverified"
    },
    "instruction_following": {
      "axis": "instruction_following",
      "reason": "ok",
      "status": "measured"
    },
    "knowledge": {
      "axis": "knowledge",
      "reason": "ok",
      "status": "measured"
    },
    "long_context": {
      "axis": "long_context",
      "reason": "not_run",
      "status": "not_measured"
    },
    "math": {
      "axis": "math",
      "reason": "ok",
      "status": "measured"
    },
    "tool_calling": {
      "axis": "tool_calling",
      "reason": "ok",
      "status": "measured"
    }
  },
  "composite": {
    "hi": 37.897734120170846,
    "hi_raw": 0.37897734120170845,
    "lo": 32.8087687361433,
    "lo_raw": 0.328087687361433,
    "point": 35.19879527484235,
    "point_raw": 0.3519879527484235
  },
  "composite_full": {
    "hi": 37.897734120170846,
    "hi_raw": 0.37897734120170845,
    "lo": 32.8087687361433,
    "lo_raw": 0.328087687361433,
    "point": 35.19879527484235,
    "point_raw": 0.3519879527484235
  },
  "composite_static": {
    "hi": 59.67324562973041,
    "hi_raw": 0.5967324562973041,
    "lo": 54.60555783787069,
    "lo_raw": 0.5460555783787069,
    "point": 57.114833274641306,
    "point_raw": 0.5711483327464131
  },
  "conformance": {
    "n_scored": 1311,
    "per_bench": {
      "amo": {
        "ambiguous_or_contaminated_final_rate": 0.0,
        "budget_cap_hit_rate": 0.6410256410256411,
        "empty_final_rate": 0.0,
        "forced": false,
        "leaked_reasoning_rate": 0.0,
        "measurement_truncation_rate": 0.0,
        "n_scored": 39,
        "no_final_answer_rate": 0.0,
        "reasons": [
          "budget_cap_hit_rate=64% - visible scored cap hits, not exclusions"
        ],
        "status": "headline-comparable",
        "truncation_rate": 0.6410256410256411
      },
      "bigcodebench_hard": {
        "ambiguous_or_contaminated_final_rate": 0.0,
        "budget_cap_hit_rate": 0.0,
        "empty_final_rate": 0.0,
        "forced": false,
        "leaked_reasoning_rate": 0.0,
        "measurement_truncation_rate": 0.0,
        "n_scored": 148,
        "no_final_answer_rate": 0.0,
        "reasons": [],
        "status": "headline-comparable",
        "truncation_rate": 0.0
      },
      "ifbench": {
        "ambiguous_or_contaminated_final_rate": 0.0,
        "budget_cap_hit_rate": 0.04081632653061224,
        "empty_final_rate": 0.003401360544217687,
        "forced": false,
        "leaked_reasoning_rate": 0.0,
        "measurement_truncation_rate": 0.0,
        "n_scored": 294,
        "no_final_answer_rate": 0.003401360544217687,
        "reasons": [
          "budget_cap_hit_rate=4% - visible scored cap hits, not exclusions",
          "empty_final_rate=0% - scored as zero, not an automatic exclusion"
        ],
        "status": "headline-comparable",
        "truncation_rate": 0.04081632653061224
      },
      "mmlu_pro": {
        "ambiguous_or_contaminated_final_rate": 0.0,
        "budget_cap_hit_rate": 0.0425,
        "empty_final_rate": 0.0,
        "forced": false,
        "leaked_reasoning_rate": 0.0,
        "measurement_truncation_rate": 0.0,
        "n_scored": 400,
        "no_final_answer_rate": 0.0,
        "reasons": [
          "budget_cap_hit_rate=4% - visible scored cap hits, not exclusions"
        ],
        "status": "headline-comparable",
        "truncation_rate": 0.0425
      },
      "olymmath_hard": {
        "ambiguous_or_contaminated_final_rate": 0.0,
        "budget_cap_hit_rate": 0.65,
        "empty_final_rate": 0.0,
        "forced": false,
        "leaked_reasoning_rate": 0.0,
        "measurement_truncation_rate": 0.0,
        "n_scored": 100,
        "no_final_answer_rate": 0.0,
        "reasons": [
          "budget_cap_hit_rate=65% - visible scored cap hits, not exclusions"
        ],
        "status": "headline-comparable",
        "truncation_rate": 0.65
      },
      "tc_json_v1": {
        "ambiguous_or_contaminated_final_rate": 0.0,
        "budget_cap_hit_rate": 0.0,
        "empty_final_rate": 0.0,
        "forced": false,
        "leaked_reasoning_rate": 0.0,
        "measurement_truncation_rate": 0.0,
        "n_scored": 330,
        "no_final_answer_rate": 0.0,
        "reasons": [],
        "status": "headline-comparable",
        "truncation_rate": 0.0
      }
    },
    "reasons": [],
    "status": "headline-comparable",
    "worst_bench": null
  },
  "conformance_gates": {
    "tc_json_v1": {
      "band": "amber",
      "band_reasons": [],
      "id": "tc_json_v1",
      "invalid_json_rate": 0.0,
      "label": "Tool-calling",
      "n_items": 330,
      "pass_rate": {
        "hi": 78.09856278969099,
        "lo": 68.63020497662392,
        "point": 73.63636363636363
      },
      "threshold_version": "tc_json_v1"
    }
  },
  "contamination_label": "unverified",
  "data_warnings": [],
  "est_cost_usd": null,
  "has_code_artifacts": true,
  "index_version": "index-v3.0",
  "item_set_hashes": {
    "coding.jsonl": "33635febb89ab6cb8f06e139bc33932ada89d90e32ce03820ad7f15712e19b8e",