{
  "axes": {
    "agentic": {
      "conditional_accuracy": 0.057291666666666664,
      "hi": 10.416666666666668,
      "hi_raw": 0.10416666666666667,
      "lo": 1.0416666666666665,
      "lo_raw": 0.010416666666666666,
      "n": 96,
      "n_errors": 0,
      "n_no_answer": 0,
      "point": 5.208333333333334,
      "point_raw": 0.052083333333333336,
      "raw_accuracy": 0.057291666666666664,
      "termination_rate": 1.0
    },
    "coding": {
      "conditional_accuracy": 0.9512195121951219,
      "hi": 95.34883720930233,
      "hi_raw": 0.9534883720930233,
      "lo": 85.27131782945736,
      "lo_raw": 0.8527131782945736,
      "n": 129,
      "n_errors": 0,
      "n_no_answer": 7,
      "point": 90.69767441860465,
      "point_raw": 0.9069767441860465,
      "raw_accuracy": 0.9069767441860465,
      "termination_rate": 0.9534883720930233
    },
    "instruction": {
      "conditional_accuracy": 0.704225352112676,
      "hi": 73.46938775510205,
      "hi_raw": 0.7346938775510204,
      "lo": 62.585034013605444,
      "lo_raw": 0.6258503401360545,
      "n": 294,
      "n_errors": 0,
      "n_no_answer": 0,
      "point": 68.02721088435374,
      "point_raw": 0.6802721088435374,
      "raw_accuracy": 0.6802721088435374,
      "termination_rate": 0.9659863945578231
    },
    "knowledge": {
      "conditional_accuracy": 0.7835051546391754,
      "hi": 77.54871127820888,
      "hi_raw": 0.7754871127820888,
      "lo": 68.28755468047005,
      "lo_raw": 0.6828755468047005,
      "n": 400,
      "n_errors": 0,
      "n_no_answer": 11,
      "point": 73.05845353385067,
      "point_raw": 0.7305845353385066,
      "raw_accuracy": 0.76,
      "termination_rate": 0.97
    },
    "tool_calling": {
      "conditional_accuracy": 0.7424242424242424,
      "hi": 78.78787878787878,
      "hi_raw": 0.7878787878787878,
      "lo": 69.39393939393939,
      "lo_raw": 0.693939393939394,
      "n": 330,
      "n_errors": 0,
      "n_no_answer": 0,
      "point": 74.24242424242425,
      "point_raw": 0.7424242424242424,
      "raw_accuracy": 0.7424242424242424,
      "termination_rate": 1.0
    }
  },
  "axis_status": {
    "agentic": {
      "axis": "agentic",
      "reason": "ok",
      "status": "measured"
    },
    "coding": {
      "axis": "coding",
      "reason": "ok",
      "status": "measured"
    },
    "instruction_following": {
      "axis": "instruction_following",
      "reason": "ok",
      "status": "measured"
    },
    "knowledge": {
      "axis": "knowledge",
      "reason": "ok",
      "status": "measured"
    },
    "long_context": {
      "axis": "long_context",
      "reason": "not_run",
      "status": "not_measured"
    },
    "math": {
      "axis": "math",
      "reason": "not_run",
      "status": "not_measured"
    },
    "tool_calling": {
      "axis": "tool_calling",
      "reason": "ok",
      "status": "measured"
    }
  },
  "composite": {
    "hi": 49.49006237248613,
    "hi_raw": 0.49490062372486127,
    "lo": 44.13372399507101,
    "lo_raw": 0.4413372399507101,
    "point": 46.60534377168118,
    "point_raw": 0.46605343771681174
  },
  "composite_full": null,
  "composite_static": null,
  "conformance": {
    "n_scored": 1153,
    "per_bench": {
      "ifbench": {
        "forced": true,
        "leaked_reasoning_rate": 0.0,
        "n_scored": 294,
        "no_final_answer_rate": 0.0,
        "reasons": [
          "answer_cap_hit_rate=3% - scored as model failures under budget-forcing (degenerate loop / non-termination), not a conformance breach"
        ],
        "status": "headline-comparable",
        "truncation_rate": 0.034013605442176874
      },
      "lcb": {
        "forced": true,
        "leaked_reasoning_rate": 0.0,
        "n_scored": 129,
        "no_final_answer_rate": 0.0,
        "reasons": [
          "answer_cap_hit_rate=5% - scored as model failures under budget-forcing (degenerate loop / non-termination), not a conformance breach"
        ],
        "status": "headline-comparable",
        "truncation_rate": 0.046511627906976744
      },
      "mmlu_pro": {
        "forced": true,
        "leaked_reasoning_rate": 0.0,
        "n_scored": 400,
        "no_final_answer_rate": 0.0,
        "reasons": [
          "answer_cap_hit_rate=3% - scored as model failures under budget-forcing (degenerate loop / non-termination), not a conformance breach"
        ],
        "status": "headline-comparable",
        "truncation_rate": 0.03
      },
      "tc_json_v1": {
        "forced": true,
        "leaked_reasoning_rate": 0.0,
        "n_scored": 330,
        "no_final_answer_rate": 0.0,
        "reasons": [],
        "status": "headline-comparable",
        "truncation_rate": 0.0
      }
    },
    "reasons": [],
    "status": "headline-comparable",
    "worst_bench": null
  },
  "conformance_gates": {
    "tc_json_v1": {
      "band": "amber",
      "band_reasons": [],
      "id": "tc_json_v1",
      "invalid_json_rate": 0.0,
      "label": "Tool-calling",
      "n_items": 330,
      "pass_rate": {
        "hi": 78.66266132888788,
        "lo": 69.26427996989665,
        "point": 74.24242424242425
      },
      "threshold_version": "tc_json_v1"
    }
  },
  "contamination_label": "unverified",
  "data_warnings": [
    "math not measured in this run; axis omitted",
    "agentic chance_corrected differs from item-derived mean; stale/inconsistent run JSON"
  ],
  "est_cost_usd": null,
  "index_version": "index-v3.0",
  "item_set_hashes": {
    "coding.jsonl": "b9069940394e90cf7bd9a756d5b1907b38c088b56b8467ab5f97d2a9f160bdcf",
    "instruction.jsonl": "40dc0b3e14270d61e9deae13f30f70f04d1d65a304340a7b6fe29cf4a5c51257",
    "knowledge.jsonl": "129b8d9726eab3676ca30d58fac23af4e07407eb537b9bfa10d4d24434b26ba4",
    "tool_calling.jsonl": "571b3c4064b523174900883c786df4fdbb6c2a8924a148620a167415d67afd74"
  },
  "kind": "community",
  "manifest_summary": {
    "caps": {
      "max_tokens_math": 0,
      "max_tokens_mcq": 16384,
      "thinking_budget": 8192
    },
    "hardware": {
      "cpu": "AMD64 Family 26 Model 68 Stepping 0, AuthenticAMD",
      "gpu": {
        "driver": "610.62",
        "name": "NVIDIA GeForce RTX 5090",
        "vram_gb": 31.8,
        "vram_mb": 32607
      },
      "os": "Windows-11-10.0.26200-SP0",
      "ram_gb": null
    },
    "lane": "capped-thinking",
    "model": {
      "family": "gemma4",
      "file_name": "gemma-4-12B-it-qat-UD-Q4_K_XL.gguf",
      "file_sha256": "cc9ff072e0a8203429ed854e6662c17a6c2bc1e5dca5b475dd4736caaacbc165",
      "file_size_bytes": 6716355328,
      "format": "GGUF",
      "runtime_reported_model": "gemma-4-12b-it-qat-ud-q4-k-xl"
    },
    "quant": "QAT Q4_K_XL",
    "runtime": {
      "ctx_len_configured": 32768,
      "kv_cache_quant": "k=f16,v=f16",
      "name": "llama.cpp",
      "parallel_slots": 1,
      "version": "b9852/fd1a05791"
    },
    "sampling": {
      "by_bench": {
        "coding": {
          "max_tokens": 16384,
          "seed": 1234,
          "temperature": 0.0,
          "top_k": 1
        },
        "instruction": {
          "max_tokens": 16384,
          "seed": 1234,
          "temperature": 0.0,
          "top_k": 1
        },
        "knowledge": {
          "max_tokens": 16384,
          "seed": 1234,
          "temperature": 0.0,
          "top_k": 1
        },
        "tool_calling": {
          "max_tokens": 16384,
          "seed": 1234,
          "temperature": 0.0,
          "top_k": 1
        }
      },
      "determinism_policy": {
        "claim": "best-effort same-stack reproducibility; not bitwise cross-stack determinism",
        "client": {
          "concurrency": 1,
          "seed": 1234,
          "temperature": 0,
          "top_k": 1
        },
        "known_limits": [
          "GPU floating-point non-associativity",
          "kernel/library changes",
          "driver changes",
          "batching/scheduler changes",
          "timeout/VRAM pressure effects"
        ],