{
  "axes": {
    "instruction": {
      "conditional_accuracy": 0.28044280442804426,
      "hi": 30.952380952380953,
      "hi_raw": 0.30952380952380953,
      "lo": 20.74829931972789,
      "lo_raw": 0.20748299319727892,
      "n": 294,
      "n_errors": 23,
      "n_no_answer": 0,
      "point": 25.850340136054424,
      "point_raw": 0.2585034013605442,
      "raw_accuracy": 0.2585034013605442,
      "termination_rate": 0.9217687074829932
    },
    "knowledge": {
      "conditional_accuracy": 0.6048951048951049,
      "hi": 41.62664932334311,
      "hi_raw": 0.41626649323343107,
      "lo": 30.962287180492325,
      "lo_raw": 0.30962287180492326,
      "n": 400,
      "n_errors": 113,
      "n_no_answer": 1,
      "point": 36.29446825191771,
      "point_raw": 0.3629446825191771,
      "raw_accuracy": 0.4325,
      "termination_rate": 0.715
    },
    "tool_calling": {
      "conditional_accuracy": 0.2484662576687117,
      "hi": 29.09090909090909,
      "hi_raw": 0.2909090909090909,
      "lo": 20.0,
      "lo_raw": 0.2,
      "n": 330,
      "n_errors": 3,
      "n_no_answer": 213,
      "point": 24.545454545454547,
      "point_raw": 0.24545454545454545,
      "raw_accuracy": 0.24545454545454545,
      "termination_rate": 0.9878787878787879
    }
  },
  "composite": {
    "hi": 34.48986362612379,
    "hi_raw": 0.3448986362612379,
    "lo": 24.39146993758258,
    "lo_raw": 0.2439146993758258,
    "point": 29.440666781853185,
    "point_raw": 0.29440666781853186
  },
  "composite_full": null,
  "composite_static": null,
  "conformance": {
    "n_scored": 885,
    "per_bench": {
      "ifbench": {
        "forced": false,
        "leaked_reasoning_rate": 0.0,
        "n_scored": 271,
        "no_final_answer_rate": 0.0,
        "reasons": [],
        "status": "headline-comparable",
        "truncation_rate": 0.0
      },
      "mmlu_pro": {
        "forced": false,
        "leaked_reasoning_rate": 0.0,
        "n_scored": 287,
        "no_final_answer_rate": 0.0,
        "reasons": [],
        "status": "headline-comparable",
        "truncation_rate": 0.003484320557491289
      },
      "tc_json_v1": {
        "forced": false,
        "leaked_reasoning_rate": 0.0,
        "n_scored": 327,
        "no_final_answer_rate": 0.0,
        "reasons": [],
        "status": "headline-comparable",
        "truncation_rate": 0.0030581039755351682
      }
    },
    "reasons": [],
    "status": "headline-comparable",
    "worst_bench": null
  },
  "contamination_label": "unverified",
  "data_warnings": [
    "agentic appworld_c quarantined: missing diagnostics or harness-dominated client path",
    "math not measured in this run; axis omitted",
    "agentic not measured in this run; axis omitted",
    "coding not measured in this run; axis omitted",
    "composite point 0.294406667819 differs from stored composite 0.119067552718"
  ],
  "est_cost_usd": null,
  "index_version": "index-v2.1",
  "item_set_hashes": {
    "instruction.jsonl": "40dc0b3e14270d61e9deae13f30f70f04d1d65a304340a7b6fe29cf4a5c51257",
    "knowledge.jsonl": "129b8d9726eab3676ca30d58fac23af4e07407eb537b9bfa10d4d24434b26ba4",
    "tool_calling.jsonl": "571b3c4064b523174900883c786df4fdbb6c2a8924a148620a167415d67afd74"
  },
  "kind": "community",
  "manifest_summary": {
    "caps": {
      "max_tokens_math": 0,
      "max_tokens_mcq": 16384,
      "thinking_budget": 0
    },
    "hardware": {
      "cpu": "x86_64",
      "gpu": {
        "driver": "596.36",
        "name": "NVIDIA GeForce RTX 5090",
        "vram_gb": 31.8,
        "vram_mb": 32607
      },
      "os": "Linux-6.6.87.2-microsoft-standard-WSL2-x86_64-with-glibc2.39",
      "ram_gb": null
    },
    "lane": "capped-thinking",
    "model": {
      "family": "Gemma 4",
      "file_name": null,
      "file_sha256": null,
      "file_size_bytes": null,
      "format": null,
      "runtime_reported_model": "gemma-4-12b-it-UD-Q2_K_XL"
    },
    "quant": "Q2_K",
    "runtime": {
      "ctx_len_configured": null,
      "kv_cache_quant": "unknown",
      "name": null,
      "parallel_slots": null,
      "version": null
    },
    "sampling": {
      "by_bench": {
        "instruction": {
          "max_tokens": 16384,
          "temperature": 0
        },
        "knowledge": {
          "max_tokens": 16384,
          "temperature": 0
        },
        "tool_calling": {
          "max_tokens": 16384,
          "temperature": 0
        }
      },
      "min_p": null,
      "seed": null,
      "temperature": 0,
      "thinking_mode": "n/a",
      "top_k": null,
      "top_p": null
    },
    "thinking_mode": "n/a"
  },
  "model_label": "Gemma 4 12B IT",
  "origin": "community",
  "ranked": false,
  "run_id": "gemma-4-12b-it__gemma-4-12b-it-UD-Q2_K_XL",
  "scorecard": {
    "current_id": "2c9054971977cde504e4c54fb0ae8869c7f3cb67278226edbf2547b1533d9ce1",
    "current_registry_digest": "17f3669254a8bd152526d69a484c24050aa85cfbc73bd9781cd48997c51562f8",
    "drift": true,
    "id": "cfbc3d38f2ab34126bcd7969f39eea56880e19b2dec7afdc987332097233db0e",
    "registry_digest": "2d36c8dd7dd2c8e48f0ffeff7429d6baed7966edef79fc9adb8eae231d7f579b",
    "registry_drift": true,
    "version": "scorecard-v2.0"
  },
  "suite_version": "suite-v1",
  "tier": "standard",
  "tokens_to_answer_median": 205.0,
  "tokens_to_answer_p95": 928.3999999999999,
  "totals": {
    "completion_tokens": 307891,
    "completion_tokens_per_second": 19.645540135039493,
    "n_errors": 139,
    "n_items": 1120,
    "prompt_tokens": 265855,
    "total_tokens": 573746,
    "wall_time_seconds": 15672.310248719004
  },
  "trust_label": "community_re_scored",
  "worst_axis": {
    "bench": "tool_calling",
    "point": 24.545454545454547,
    "point_raw": 0.24545454545454545
  }
}
