{
  "axes": {
    "instruction": {
      "conditional_accuracy": 0.4020979020979021,
      "hi": 44.5578231292517,
      "hi_raw": 0.445578231292517,
      "lo": 33.33333333333333,
      "lo_raw": 0.3333333333333333,
      "n": 294,
      "n_errors": 8,
      "n_no_answer": 0,
      "point": 39.1156462585034,
      "point_raw": 0.391156462585034,
      "raw_accuracy": 0.391156462585034,
      "termination_rate": 0.9727891156462585
    },
    "knowledge": {
      "conditional_accuracy": 0.7657430730478589,
      "hi": 77.54871127820888,
      "hi_raw": 0.7754871127820888,
      "lo": 68.28755468047005,
      "lo_raw": 0.6828755468047005,
      "n": 400,
      "n_errors": 2,
      "n_no_answer": 1,
      "point": 73.05845353385067,
      "point_raw": 0.7305845353385066,
      "raw_accuracy": 0.76,
      "termination_rate": 0.9925
    },
    "tool_calling": {
      "conditional_accuracy": 0.7393939393939394,
      "hi": 78.48484848484848,
      "hi_raw": 0.7848484848484848,
      "lo": 69.0909090909091,
      "lo_raw": 0.6909090909090909,
      "n": 330,
      "n_errors": 0,
      "n_no_answer": 2,
      "point": 73.93939393939394,
      "point_raw": 0.7393939393939394,
      "raw_accuracy": 0.7393939393939394,
      "termination_rate": 1.0
    }
  },
  "axis_status": {
    "agentic": {
      "axis": "agentic",
      "reason": "ok",
      "status": "measured"
    },
    "coding": {
      "axis": "coding",
      "reason": "not_run",
      "status": "not_measured"
    },
    "instruction_following": {
      "axis": "instruction_following",
      "reason": "ok",
      "status": "measured"
    },
    "knowledge": {
      "axis": "knowledge",
      "reason": "ok",
      "status": "measured"
    },
    "long_context": {
      "axis": "long_context",
      "reason": "not_run",
      "status": "not_measured"
    },
    "math": {
      "axis": "math",
      "reason": "not_run",
      "status": "not_measured"
    },
    "tool_calling": {
      "axis": "tool_calling",
      "reason": "ok",
      "status": "measured"
    }
  },
  "composite": {
    "hi": 65.41116252400982,
    "hi_raw": 0.6541116252400982,
    "lo": 55.380560277903534,
    "lo_raw": 0.5538056027790353,
    "point": 60.550135906981254,
    "point_raw": 0.6055013590698125
  },
  "composite_full": null,
  "composite_static": null,
  "conformance": {
    "n_scored": 1014,
    "per_bench": {
      "ifbench": {
        "forced": false,
        "leaked_reasoning_rate": 0.0,
        "n_scored": 286,
        "no_final_answer_rate": 0.0,
        "reasons": [],
        "status": "headline-comparable",
        "truncation_rate": 0.0
      },
      "mmlu_pro": {
        "forced": false,
        "leaked_reasoning_rate": 0.0,
        "n_scored": 398,
        "no_final_answer_rate": 0.0,
        "reasons": [],
        "status": "headline-comparable",
        "truncation_rate": 0.002512562814070352
      },
      "tc_json_v1": {
        "forced": false,
        "leaked_reasoning_rate": 0.0,
        "n_scored": 330,
        "no_final_answer_rate": 0.0,
        "reasons": [],
        "status": "headline-comparable",
        "truncation_rate": 0.0
      }
    },
    "reasons": [],
    "status": "headline-comparable",
    "worst_bench": null
  },
  "contamination_label": "unverified",
  "data_warnings": [
    "agentic appworld_c quarantined: missing diagnostics or harness-dominated client path",
    "math not measured in this run; axis omitted",
    "agentic not measured in this run; axis omitted",
    "coding not measured in this run; axis omitted",
    "composite point 0.605501359070 differs from stored composite 0.207376795947"
  ],
  "est_cost_usd": null,
  "index_version": "index-v3.0",
  "item_set_hashes": {
    "instruction.jsonl": "40dc0b3e14270d61e9deae13f30f70f04d1d65a304340a7b6fe29cf4a5c51257",
    "knowledge.jsonl": "129b8d9726eab3676ca30d58fac23af4e07407eb537b9bfa10d4d24434b26ba4",
    "tool_calling.jsonl": "571b3c4064b523174900883c786df4fdbb6c2a8924a148620a167415d67afd74"
  },
  "kind": "community",
  "manifest_summary": {
    "caps": {
      "max_tokens_math": 0,
      "max_tokens_mcq": 16384,
      "thinking_budget": 0
    },
    "hardware": {
      "cpu": "x86_64",
      "gpu": {
        "driver": "596.36",
        "name": "NVIDIA GeForce RTX 5090",
        "vram_gb": 31.8,
        "vram_mb": 32607
      },
      "os": "Linux-6.6.87.2-microsoft-standard-WSL2-x86_64-with-glibc2.39",
      "ram_gb": null
    },
    "lane": "capped-thinking",
    "model": {
      "family": "Gemma 4",
      "file_name": null,
      "file_sha256": null,
      "file_size_bytes": null,
      "format": null,
      "runtime_reported_model": "gemma-4-12b-it-BF16"
    },
    "quant": "FP16",
    "runtime": {
      "ctx_len_configured": null,
      "kv_cache_quant": "unknown",
      "name": null,
      "parallel_slots": null,
      "version": null
    },
    "sampling": {
      "by_bench": {
        "instruction": {
          "max_tokens": 16384,
          "temperature": 0
        },
        "knowledge": {
          "max_tokens": 16384,
          "temperature": 0
        },
        "tool_calling": {
          "max_tokens": 16384,
          "temperature": 0
        }
      },
      "min_p": null,
      "seed": null,
      "temperature": 0,
      "thinking_mode": "n/a",
      "top_k": null,
      "top_p": null
    },
    "thinking_mode": "n/a"
  },
  "model_label": "Gemma 4 12B IT",
  "origin": "community",
  "ranked": false,
  "run_id": "gemma-4-12b-it__gemma-4-12b-it-BF16",
  "scorecard": {
    "current_id": "e7d971ba8e296f2e9000752ae70ca229a90e95ce7d4681e039baa7d95f593ca2",
    "current_registry_digest": "16c189f04e7317756155e578254ecb5ae2d63c7c687528206851fdbe7fce4227",
    "drift": true,
    "execution_profile_id": null,
    "id": "cfbc3d38f2ab34126bcd7969f39eea56880e19b2dec7afdc987332097233db0e",
    "registry_digest": "2d36c8dd7dd2c8e48f0ffeff7429d6baed7966edef79fc9adb8eae231d7f579b",
    "registry_drift": true,
    "version": "scorecard-v2.0"
  },
  "suite_version": "suite-v1",
  "tier": "standard",
  "tokens_to_answer_median": 254.5,
  "tokens_to_answer_p95": 1011.3999999999996,
  "totals": {
    "completion_tokens": 374573,
    "completion_tokens_per_second": 55.870317795587496,
    "n_errors": 10,
    "n_items": 1120,
    "prompt_tokens": 296798,
    "total_tokens": 671371,
    "wall_time_seconds": 6704.329146120999
  },
  "trust_label": "community_re_scored",
  "worst_axis": {
    "bench": "instruction",
    "point": 39.1156462585034,
    "point_raw": 0.391156462585034
  }
}
