{
  "agentic_provenance": "project_attested",
  "axes": {
    "coding": {
      "conditional_accuracy": 0.33783783783783783,
      "hi": 41.21621621621622,
      "hi_raw": 0.41216216216216217,
      "lo": 26.351351351351347,
      "lo_raw": 0.2635135135135135,
      "n": 148,
      "n_errors": 0,
      "n_no_answer": 0,
      "point": 33.78378378378378,
      "point_raw": 0.33783783783783783,
      "raw_accuracy": 0.33783783783783783,
      "termination_rate": 1.0
    },
    "instruction": {
      "conditional_accuracy": 0.797945205479452,
      "hi": 84.01360544217688,
      "hi_raw": 0.8401360544217688,
      "lo": 74.48979591836735,
      "lo_raw": 0.7448979591836735,
      "n": 294,
      "n_errors": 0,
      "n_no_answer": 0,
      "point": 79.25170068027211,
      "point_raw": 0.7925170068027211,
      "raw_accuracy": 0.7925170068027211,
      "termination_rate": 0.9931972789115646
    },
    "knowledge": {
      "conditional_accuracy": 0.8875,
      "hi": 90.73884340226117,
      "hi_raw": 0.9073884340226117,
      "lo": 83.72281567670144,
      "lo_raw": 0.8372281567670145,
      "n": 400,
      "n_errors": 0,
      "n_no_answer": 1,
      "point": 87.3711500939925,
      "point_raw": 0.873711500939925,
      "raw_accuracy": 0.8875,
      "termination_rate": 1.0
    },
    "math": {
      "conditional_accuracy": 0.5150262768508597,
      "hi": 56.11510791366906,
      "hi_raw": 0.5611510791366906,
      "lo": 39.568345323741006,
      "lo_raw": 0.39568345323741005,
      "n": 139,
      "n_errors": 0,
      "n_no_answer": 6,
      "point": 48.201438848920866,
      "point_raw": 0.48201438848920863,
      "raw_accuracy": 0.48201438848920863,
      "termination_rate": 0.935251798561151
    },
    "tool_use": {
      "conditional_accuracy": 0.16095890410958905,
      "hi": 24.752688172043015,
      "hi_raw": 0.24752688172043014,
      "lo": 11.09074100513992,
      "lo_raw": 0.1109074100513992,
      "n": 146,
      "n_errors": 0,
      "n_no_answer": 0,
      "point": 17.65686274509804,
      "point_raw": 0.1765686274509804,
      "raw_accuracy": 0.16095890410958905,
      "termination_rate": 1.0
    }
  },
  "axis_status": {
    "bfcl_multi_turn_long_context": {
      "axis": "bfcl_multi_turn_long_context",
      "reason": "not_run",
      "status": "not_measured"
    },
    "bfcl_single_turn": {
      "axis": "bfcl_single_turn",
      "reason": "not_run",
      "status": "not_measured"
    },
    "call_formatting": {
      "axis": "call_formatting",
      "reason": "not_run",
      "status": "not_measured"
    },
    "coding": {
      "axis": "coding",
      "reason": "ok",
      "status": "measured"
    },
    "instruction_following": {
      "axis": "instruction_following",
      "reason": "ok",
      "status": "measured"
    },
    "knowledge": {
      "axis": "knowledge",
      "reason": "ok",
      "status": "measured"
    },
    "long_context": {
      "axis": "long_context",
      "reason": "not_run",
      "status": "not_measured"
    },
    "math": {
      "axis": "math",
      "reason": "ok",
      "status": "measured"
    },
    "tool_use": {
      "axis": "tool_use",
      "reason": "ok",
      "status": "measured"
    }
  },
  "composite": {
    "hi": 55.9553334838678,
    "hi_raw": 0.559553334838678,
    "lo": 50.259277560281475,
    "lo_raw": 0.5025927756028148,
    "point": 53.12081637550447,
    "point_raw": 0.5312081637550446
  },
  "composite_full": {
    "hi": 55.9553334838678,
    "hi_raw": 0.559553334838678,
    "lo": 50.259277560281475,
    "lo_raw": 0.5025927756028148,
    "point": 53.12081637550447,
    "point_raw": 0.5312081637550446
  },
  "composite_static": {
    "hi": 67.9233373913961,
    "hi_raw": 0.679233373913961,
    "lo": 62.01930257089381,
    "lo_raw": 0.6201930257089381,
    "point": 64.94213425230659,
    "point_raw": 0.6494213425230659
  },
  "conformance": {
    "n_scored": 1457,
    "per_bench": {
      "amo": {
        "ambiguous_or_contaminated_final_rate": 0.0,
        "budget_cap_hit_rate": 0.07692307692307693,
        "empty_final_rate": 0.0,
        "forced": false,
        "leaked_reasoning_rate": 0.0,
        "measurement_truncation_rate": 0.0,
        "n_scored": 39,
        "no_final_answer_rate": 0.0,
        "reasons": [
          "budget_cap_hit_rate=8% - visible scored cap hits, not exclusions"
        ],
        "status": "headline-comparable",
        "truncation_rate": 0.07692307692307693
      },
      "appworld_c": {
        "ambiguous_or_contaminated_final_rate": 0.0,
        "budget_cap_hit_rate": 0.0,
        "empty_final_rate": 1.0,
        "forced": false,
        "leaked_reasoning_rate": 0.0,
        "measurement_truncation_rate": 0.0,
        "n_scored": 96,
        "no_final_answer_rate": 1.0,
        "reasons": [
          "empty_final_rate=100% - scored as zero, not an automatic exclusion"
        ],
        "status": "headline-comparable",
        "truncation_rate": 0.0
      },
      "bfcl_multi_turn_base": {
        "ambiguous_or_contaminated_final_rate": 0.0,
        "budget_cap_hit_rate": 0.0,
        "empty_final_rate": 0.0,
        "forced": false,
        "leaked_reasoning_rate": 0.0,
        "measurement_truncation_rate": 0.0,
        "n_scored": 50,
        "no_final_answer_rate": 0.0,
        "reasons": [],
        "status": "headline-comparable",
        "truncation_rate": 0.0
      },
      "bigcodebench_hard": {
        "ambiguous_or_contaminated_final_rate": 0.0,
        "budget_cap_hit_rate": 0.0,
        "empty_final_rate": 0.0,
        "forced": false,
        "leaked_reasoning_rate": 0.0,
        "measurement_truncation_rate": 0.0,
        "n_scored": 148,
        "no_final_answer_rate": 0.0,
        "reasons": [],
        "status": "headline-comparable",
        "truncation_rate": 0.0
      },
      "ifbench": {
        "ambiguous_or_contaminated_final_rate": 0.0,
        "budget_cap_hit_rate": 0.006802721088435374,
        "empty_final_rate": 0.0,
        "forced": false,
        "leaked_reasoning_rate": 0.0,
        "measurement_truncation_rate": 0.0,
        "n_scored": 294,
        "no_final_answer_rate": 0.0,
        "reasons": [
          "budget_cap_hit_rate=1% - visible scored cap hits, not exclusions"
        ],
        "status": "headline-comparable",
        "truncation_rate": 0.006802721088435374
      },
      "mmlu_pro": {
        "ambiguous_or_contaminated_final_rate": 0.0,
        "budget_cap_hit_rate": 0.0,
        "empty_final_rate": 0.0,
        "forced": false,
        "leaked_reasoning_rate": 0.0,
        "measurement_truncation_rate": 0.0,
        "n_scored": 400,
        "no_final_answer_rate": 0.0,
        "reasons": [],
        "status": "headline-comparable",
        "truncation_rate": 0.0
      },
      "olymmath_hard": {
        "ambiguous_or_contaminated_final_rate": 0.0,
        "budget_cap_hit_rate": 0.06,
        "empty_final_rate": 0.0,
        "forced": false,
        "leaked_reasoning_rate": 0.0,
        "measurement_truncation_rate": 0.0,
        "n_scored": 100,
        "no_final_answer_rate": 0.0,
        "reasons": [
          "budget_cap_hit_rate=6% - visible scored cap hits, not exclusions"
        ],
        "status": "headline-comparable",
        "truncation_rate": 0.06
      },
      "tc_json_v1": {
        "ambiguous_or_contaminated_final_rate": 0.0,
        "budget_cap_hit_rate": 0.0,
        "empty_final_rate": 0.0,
        "forced": false,
        "leaked_reasoning_rate": 0.0,
        "measurement_truncation_rate": 0.0,
        "n_scored": 330,
        "no_final_answer_rate": 0.0,
        "reasons": [],
        "status": "headline-comparable",
        "truncation_rate": 0.0
      }
    },
    "reasons": [],
    "status": "headline-comparable",
    "worst_bench": null
  },
  "contamination_label": "unverified",