{
  "agentic_provenance": "project_attested",
  "axes": {
    "coding": {
      "ambiguous_or_contaminated_final_rate": 0.0,
      "budget_cap_hit_rate": 0.0,
      "conditional_accuracy": 0.2702702702702703,
      "empty_final_rate": 0.0,
      "hi": 36.17021276595745,
      "hi_raw": 0.3617021276595745,
      "leaked_reasoning_rate": 0.0,
      "lo": 21.27659574468085,
      "lo_raw": 0.2127659574468085,
      "measurement_truncation_rate": 0.0,
      "n": 141,
      "n_errors": 0,
      "n_no_answer": 0,
      "no_final_answer_rate": 0.0,
      "point": 28.368794326241137,
      "point_raw": 0.28368794326241137,
      "raw_accuracy": 0.28368794326241137,
      "termination_rate": 1.0,
      "truncation_rate": 0.0
    },
    "instruction": {
      "ambiguous_or_contaminated_final_rate": 0.0,
      "budget_cap_hit_rate": 0.04081632653061224,
      "conditional_accuracy": 0.6950354609929078,
      "empty_final_rate": 0.003401360544217687,
      "hi": 72.10884353741497,
      "hi_raw": 0.7210884353741497,
      "leaked_reasoning_rate": 0.0,
      "lo": 61.224489795918366,
      "lo_raw": 0.6122448979591837,
      "measurement_truncation_rate": 0.0,
      "n": 294,
      "n_errors": 0,
      "n_no_answer": 0,
      "no_final_answer_rate": 0.003401360544217687,
      "point": 66.66666666666666,
      "point_raw": 0.6666666666666666,
      "raw_accuracy": 0.6666666666666666,
      "termination_rate": 0.9591836734693877,
      "truncation_rate": 0.04081632653061224
    },
    "knowledge": {
      "ambiguous_or_contaminated_final_rate": 0.0,
      "budget_cap_hit_rate": 0.0425,
      "conditional_accuracy": 0.8172323759791122,
      "empty_final_rate": 0.0,
      "hi": 80.07448125941039,
      "hi_raw": 0.8007448125941039,
      "leaked_reasoning_rate": 0.0,
      "lo": 70.81332466167156,
      "lo_raw": 0.7081332466167156,
      "measurement_truncation_rate": 0.0,
      "n": 400,
      "n_errors": 0,
      "n_no_answer": 16,
      "no_final_answer_rate": 0.0,
      "point": 75.58422351505216,
      "point_raw": 0.7558422351505216,
      "raw_accuracy": 0.7825,
      "termination_rate": 0.9575,
      "truncation_rate": 0.0425
    },
    "math": {
      "ambiguous_or_contaminated_final_rate": 0.0,
      "budget_cap_hit_rate": 0.6455128205128206,
      "conditional_accuracy": 0.32682425488180883,
      "empty_final_rate": 0.0,
      "hi": 17.26618705035971,
      "hi_raw": 0.17266187050359713,
      "leaked_reasoning_rate": 0.0,
      "lo": 6.474820143884892,
      "lo_raw": 0.06474820143884892,
      "measurement_truncation_rate": 0.0,
      "n": 139,
      "n_errors": 0,
      "n_no_answer": 87,
      "no_final_answer_rate": 0.0,
      "point": 11.510791366906476,
      "point_raw": 0.11510791366906475,
      "raw_accuracy": 0.11510791366906475,
      "termination_rate": 0.35251798561151076,
      "truncation_rate": 0.6455128205128206
    },
    "tool_use": {
      "ambiguous_or_contaminated_final_rate": 0.0,
      "budget_cap_hit_rate": 0.0,
      "conditional_accuracy": 0.041666666666666664,
      "empty_final_rate": 1.0,
      "facets": {
        "agentic": {
          "bench": "appworld_c",
          "hi": 10.0,
          "hi_raw": 0.1,
          "lo": 0.0,
          "lo_raw": 0.0,
          "n": 96,
          "point": 4.166666666666666,
          "point_raw": 0.041666666666666664,
          "raw_accuracy": 0.041666666666666664,
          "weight": 1.0
        }
      },
      "hi": 10.0,
      "hi_raw": 0.1,
      "leaked_reasoning_rate": 0.0,
      "lo": 0.0,
      "lo_raw": 0.0,
      "measurement_truncation_rate": 0.0,
      "n": 96,
      "n_errors": 0,
      "n_no_answer": 0,
      "no_final_answer_rate": 1.0,
      "point": 4.166666666666666,
      "point_raw": 0.041666666666666664,
      "raw_accuracy": 0.041666666666666664,
      "termination_rate": 1.0,
      "truncation_rate": 0.0
    }
  },
  "axis_status": {
    "bfcl_multi_turn_long_context": {
      "axis": "bfcl_multi_turn_long_context",
      "reason": "not_run",
      "status": "not_measured"
    },
    "bfcl_single_turn": {
      "axis": "bfcl_single_turn",
      "reason": "not_run",
      "status": "not_measured"
    },
    "call_formatting": {
      "axis": "call_formatting",
      "reason": "not_run",
      "status": "not_measured"
    },
    "coding": {
      "axis": "coding",
      "reason": "ok",
      "status": "measured"
    },
    "instruction_following": {
      "axis": "instruction_following",
      "reason": "ok",
      "status": "measured"
    },
    "knowledge": {
      "axis": "knowledge",
      "reason": "ok",
      "status": "measured"
    },
    "long_context": {
      "axis": "long_context",
      "reason": "not_run",
      "status": "not_measured"
    },
    "math": {
      "axis": "math",
      "reason": "ok",
      "status": "measured"
    },
    "tool_use": {
      "axis": "tool_use",
      "reason": "ok",
      "status": "measured"
    }
  },
  "composite": {
    "hi": 42.953662603460494,
    "hi_raw": 0.4295366260346049,
    "lo": 37.71762165668489,
    "lo_raw": 0.3771762165668489,
    "point": 40.29440503347564,
    "point_raw": 0.40294405033475644
  },
  "composite_full": {
    "hi": 42.953662603460494,
    "hi_raw": 0.4295366260346049,
    "lo": 37.71762165668489,
    "lo_raw": 0.3771762165668489,
    "point": 40.29440503347564,
    "point_raw": 0.40294405033475644
  },
  "composite_static": {
    "hi": 55.35504285189264,
    "hi_raw": 0.5535504285189264,
    "lo": 49.25931277913616,
    "lo_raw": 0.4925931277913616,
    "point": 52.33698448907863,
    "point_raw": 0.5233698448907863
  },
  "conformance": {
    "n_scored": 1457,
    "per_bench": {
      "amo": {
        "ambiguous_or_contaminated_final_rate": 0.0,
        "budget_cap_hit_rate": 0.6410256410256411,
        "empty_final_rate": 0.0,
        "forced": false,
        "leaked_reasoning_rate": 0.0,
        "measurement_truncation_rate": 0.0,
        "n_scored": 39,
        "no_final_answer_rate": 0.0,
        "reasons": [
          "budget_cap_hit_rate=64% - visible scored cap hits, not exclusions"
        ],
        "status": "headline-comparable",
        "truncation_rate": 0.6410256410256411
      },
      "appworld_c": {
        "ambiguous_or_contaminated_final_rate": 0.0,
        "budget_cap_hit_rate": 0.0,
        "empty_final_rate": 1.0,
        "forced": false,
        "leaked_reasoning_rate": 0.0,
        "measurement_truncation_rate": 0.0,
        "n_scored": 96,
        "no_final_answer_rate": 1.0,
        "reasons": [
          "empty_final_rate=100% - scored as zero, not an automatic exclusion"
        ],
        "status": "headline-comparable",
        "truncation_rate": 0.0
      },
      "bfcl_multi_turn_base": {
        "ambiguous_or_contaminated_final_rate": 0.0,
        "budget_cap_hit_rate": 0.04,
        "empty_final_rate": 0.0,
        "forced": false,
        "leaked_reasoning_rate": 0.0,
        "measurement_truncation_rate": 0.0,
        "n_scored": 50,
        "no_final_answer_rate": 0.0,
        "reasons": [
          "budget_cap_hit_rate=4% - visible scored cap hits, not exclusions"
        ],
        "status": "headline-comparable",
        "truncation_rate": 0.04
      },
      "bigcodebench_hard": {
        "ambiguous_or_contaminated_final_rate": 0.0,
        "budget_cap_hit_rate": 0.0,
        "empty_final_rate": 0.0,
        "forced": false,
        "leaked_reasoning_rate": 0.0,
        "measurement_truncation_rate": 0.0,
        "n_scored": 148,
        "no_final_answer_rate": 0.0,
        "reasons": [],
        "status": "headline-comparable",
        "truncation_rate": 0.0
      },
      "ifbench": {
        "ambiguous_or_contaminated_final_rate": 0.0,
        "budget_cap_hit_rate": 0.04081632653061224,
        "empty_final_rate": 0.003401360544217687,
        "forced": false,
        "leaked_reasoning_rate": 0.0,
        "measurement_truncation_rate": 0.0,
        "n_scored": 294,
        "no_final_answer_rate": 0.003401360544217687,