{
  "axes": {
    "instruction": {
      "conditional_accuracy": 0.39372822299651566,
      "hi": 43.87755102040816,
      "hi_raw": 0.4387755102040816,
      "lo": 32.99319727891156,
      "lo_raw": 0.3299319727891156,
      "n": 294,
      "n_errors": 6,
      "n_no_answer": 0,
      "point": 38.435374149659864,
      "point_raw": 0.3843537414965986,
      "raw_accuracy": 0.3843537414965986,
      "termination_rate": 0.9761904761904762
    },
    "knowledge": {
      "conditional_accuracy": 0.7556675062972292,
      "hi": 76.42614684211934,
      "hi_raw": 0.7642614684211934,
      "lo": 67.16499024438049,
      "lo_raw": 0.671649902443805,
      "n": 400,
      "n_errors": 1,
      "n_no_answer": 2,
      "point": 71.9358890977611,
      "point_raw": 0.7193588909776111,
      "raw_accuracy": 0.75,
      "termination_rate": 0.9925
    },
    "tool_calling": {
      "conditional_accuracy": 0.7424242424242424,
      "hi": 78.78787878787878,
      "hi_raw": 0.7878787878787878,
      "lo": 69.39393939393939,
      "lo_raw": 0.693939393939394,
      "n": 330,
      "n_errors": 0,
      "n_no_answer": 2,
      "point": 74.24242424242425,
      "point_raw": 0.7424242424242424,
      "raw_accuracy": 0.7424242424242424,
      "termination_rate": 1.0
    }
  },
  "axis_status": {
    "agentic": {
      "axis": "agentic",
      "reason": "ok",
      "status": "measured"
    },
    "coding": {
      "axis": "coding",
      "reason": "not_run",
      "status": "not_measured"
    },
    "instruction_following": {
      "axis": "instruction_following",
      "reason": "ok",
      "status": "measured"
    },
    "knowledge": {
      "axis": "knowledge",
      "reason": "ok",
      "status": "measured"
    },
    "long_context": {
      "axis": "long_context",
      "reason": "not_run",
      "status": "not_measured"
    },
    "math": {
      "axis": "math",
      "reason": "not_run",
      "status": "not_measured"
    },
    "tool_calling": {
      "axis": "tool_calling",
      "reason": "ok",
      "status": "measured"
    }
  },
  "composite": {
    "hi": 64.8108563954175,
    "hi_raw": 0.648108563954175,
    "lo": 54.90780516971936,
    "lo_raw": 0.5490780516971936,
    "point": 59.94982977838892,
    "point_raw": 0.5994982977838892
  },
  "composite_full": null,
  "composite_static": null,
  "conformance": {
    "n_scored": 1017,
    "per_bench": {
      "ifbench": {
        "forced": false,
        "leaked_reasoning_rate": 0.0,
        "n_scored": 288,
        "no_final_answer_rate": 0.0,
        "reasons": [],
        "status": "headline-comparable",
        "truncation_rate": 0.003472222222222222
      },
      "mmlu_pro": {
        "forced": false,
        "leaked_reasoning_rate": 0.0,
        "n_scored": 399,
        "no_final_answer_rate": 0.0,
        "reasons": [],
        "status": "headline-comparable",
        "truncation_rate": 0.005012531328320802
      },
      "tc_json_v1": {
        "forced": false,
        "leaked_reasoning_rate": 0.0,
        "n_scored": 330,
        "no_final_answer_rate": 0.0,
        "reasons": [],
        "status": "headline-comparable",
        "truncation_rate": 0.0
      }
    },
    "reasons": [],
    "status": "headline-comparable",
    "worst_bench": null
  },
  "contamination_label": "unverified",
  "data_warnings": [
    "agentic appworld_c quarantined: missing diagnostics or harness-dominated client path",
    "math not measured in this run; axis omitted",
    "agentic not measured in this run; axis omitted",
    "coding not measured in this run; axis omitted",
    "composite point 0.599498297784 differs from stored composite 0.203992269021"
  ],
  "est_cost_usd": null,
  "index_version": "index-v3.0",
  "item_set_hashes": {
    "instruction.jsonl": "40dc0b3e14270d61e9deae13f30f70f04d1d65a304340a7b6fe29cf4a5c51257",
    "knowledge.jsonl": "129b8d9726eab3676ca30d58fac23af4e07407eb537b9bfa10d4d24434b26ba4",
    "tool_calling.jsonl": "571b3c4064b523174900883c786df4fdbb6c2a8924a148620a167415d67afd74"
  },
  "kind": "community",
  "manifest_summary": {
    "caps": {
      "max_tokens_math": 0,
      "max_tokens_mcq": 16384,
      "thinking_budget": 0
    },
    "hardware": {
      "cpu": "x86_64",
      "gpu": {
        "driver": "596.36",
        "name": "NVIDIA GeForce RTX 5090",
        "vram_gb": 31.8,
        "vram_mb": 32607
      },
      "os": "Linux-6.6.87.2-microsoft-standard-WSL2-x86_64-with-glibc2.39",
      "ram_gb": null
    },
    "lane": "capped-thinking",
    "model": {
      "family": "Gemma 4",
      "file_name": null,
      "file_sha256": null,
      "file_size_bytes": null,
      "format": null,
      "runtime_reported_model": "gemma-4-12b-it-Q5_K_M"
    },
    "quant": "Q5_K_M",
    "runtime": {
      "ctx_len_configured": null,
      "kv_cache_quant": "unknown",
      "name": null,
      "parallel_slots": null,
      "version": null
    },
    "sampling": {
      "by_bench": {
        "instruction": {
          "max_tokens": 16384,
          "temperature": 0
        },
        "knowledge": {
          "max_tokens": 16384,
          "temperature": 0
        },
        "tool_calling": {
          "max_tokens": 16384,
          "temperature": 0
        }
      },
      "min_p": null,
      "seed": null,
      "temperature": 0,
      "thinking_mode": "n/a",
      "top_k": null,
      "top_p": null
    },
    "thinking_mode": "n/a"
  },
  "model_label": "Gemma 4 12B IT",
  "origin": "community",
  "ranked": false,
  "run_id": "gemma-4-12b-it__gemma-4-12b-it-Q5_K_M",
  "scorecard": {
    "current_id": "b849e307e27b00d2f872ad7b294ac67d848610abfa0611bc66c402f65de2c20c",
    "current_registry_digest": "16c189f04e7317756155e578254ecb5ae2d63c7c687528206851fdbe7fce4227",
    "drift": true,
    "execution_profile_id": null,
    "id": "cfbc3d38f2ab34126bcd7969f39eea56880e19b2dec7afdc987332097233db0e",
    "registry_digest": "2d36c8dd7dd2c8e48f0ffeff7429d6baed7966edef79fc9adb8eae231d7f579b",
    "registry_drift": true,
    "version": "scorecard-v2.0"
  },
  "suite_version": "suite-v1",
  "tier": "standard",
  "tokens_to_answer_median": 252.0,
  "tokens_to_answer_p95": 987.1999999999999,
  "totals": {
    "completion_tokens": 403672,
    "completion_tokens_per_second": 67.54255060162183,
    "n_errors": 7,
    "n_items": 1120,
    "prompt_tokens": 297165,
    "total_tokens": 700837,
    "wall_time_seconds": 5976.558427308
  },
  "trust_label": "community_re_scored",
  "worst_axis": {
    "bench": "instruction",
    "point": 38.435374149659864,
    "point_raw": 0.3843537414965986
  }
}
