{
  "axes": {
    "agentic": {
      "hi": 90.0,
      "hi_raw": 0.9,
      "lo": 73.75,
      "lo_raw": 0.7375,
      "n": 80,
      "n_errors": 0,
      "n_no_answer": 1,
      "point": 82.5,
      "point_raw": 0.825,
      "raw_accuracy": 0.825
    },
    "instruction": {
      "hi": 58.75,
      "hi_raw": 0.5875,
      "lo": 36.25,
      "lo_raw": 0.3625,
      "n": 80,
      "n_errors": 0,
      "n_no_answer": 0,
      "point": 47.5,
      "point_raw": 0.475,
      "raw_accuracy": 0.475
    },
    "knowledge": {
      "hi": 52.77777777777778,
      "hi_raw": 0.5277777777777778,
      "lo": 27.77777777777778,
      "lo_raw": 0.2777777777777778,
      "n": 80,
      "n_errors": 0,
      "n_no_answer": 18,
      "point": 40.27777777777778,
      "point_raw": 0.4027777777777778,
      "raw_accuracy": 0.4625
    },
    "math": {
      "hi": 8.403361344537815,
      "hi_raw": 0.08403361344537816,
      "lo": 0.8403361344537815,
      "lo_raw": 0.008403361344537815,
      "n": 119,
      "n_errors": 0,
      "n_no_answer": 0,
      "point": 4.201680672268908,
      "point_raw": 0.04201680672268908,
      "raw_accuracy": 0.04201680672268908
    }
  },
  "composite": {
    "hi": 52.482784780578896,
    "hi_raw": 0.524827847805789,
    "lo": 34.65452847805789,
    "lo_raw": 0.3465452847805789,
    "point": 43.61986461251167,
    "point_raw": 0.4361986461251167
  },
  "data_warnings": [
    "composite point 0.436198646125 differs from stored composite 0.358311965812"
  ],
  "est_cost_usd": null,
  "index_version": "index-v1",
  "item_set_hashes": {
    "agentic.jsonl": "26d990d589db8a8b2a70b23c592ea0aff9df8287d9509a2fadd98d1b72661e17",
    "instruction.jsonl": "40dc0b3e14270d61e9deae13f30f70f04d1d65a304340a7b6fe29cf4a5c51257",
    "knowledge.jsonl": "1138cb40b4e7ab84da790e16fa44f9184220f35760e95802064a3522db1a537a",
    "math-part4.jsonl": "60e172588066dd6f0af14f7ce01b9d87390f6e7803673f42051a830a4a6d2f70",
    "math.jsonl": "4654703c70829704f39ec38cb91dab1a06eba7fc9846a53ec93e1b3b73786980"
  },
  "kind": "community",
  "manifest_summary": {
    "caps": {
      "max_tokens_math": 0,
      "max_tokens_mcq": 0,
      "thinking_budget": 0
    },
    "hardware": {
      "cpu": "AMD64 Family 26 Model 68 Stepping 0, AuthenticAMD",
      "gpu": {
        "driver": "596.36",
        "name": "NVIDIA GeForce RTX 5090",
        "vram_gb": 31.8,
        "vram_mb": 32607
      },
      "os": "Windows-11-10.0.26200-SP0",
      "ram_gb": null
    },
    "lane": "answer-only",
    "model": {
      "family": "Qwen3.6-27B",
      "file_name": null,
      "file_sha256": "UNHASHED",
      "file_size_bytes": null,
      "format": null,
      "runtime_reported_model": "Qwen3.6-27B-Q2_K.gguf"
    },
    "quant": "Q2_K",
    "runtime": {
      "ctx_len_configured": null,
      "kv_cache_quant": "unknown",
      "name": null,
      "parallel_slots": null,
      "version": null
    },
    "sampling": {
      "by_bench": {
        "agentic": {
          "max_tokens": 8192,
          "temperature": 0
        },
        "instruction": {
          "max_tokens": 8192,
          "temperature": 0
        },
        "knowledge": {
          "max_tokens": 12288,
          "temperature": 0
        },
        "math": {
          "max_tokens": 16384,
          "temperature": 0
        }
      },
      "min_p": null,
      "reasoning_effort": "none",
      "seed": null,
      "temperature": 0,
      "thinking_mode": "n/a",
      "top_k": null,
      "top_p": null
    },
    "thinking_mode": "n/a"
  },
  "model_label": "Qwen3.6-27B",
  "run_id": "qwen3-6-27b__lcpp-q2_k",
  "suite_version": "suite-v1",
  "tier": "standard",
  "tokens_to_answer_median": 806.0,
  "tokens_to_answer_p95": 2048.0,
  "totals": {
    "completion_tokens": 371659,
    "completion_tokens_per_second": 137.09450598181488,
    "n_errors": 0,
    "n_items": 359,
    "prompt_tokens": 82830,
    "total_tokens": 454489,
    "wall_time_seconds": 2710.969322500052
  },
  "worst_axis": {
    "bench": "math",
    "point": 4.201680672268908,
    "point_raw": 0.04201680672268908
  }
}
