{
  "agentic_provenance": "project_attested",
  "axes": {
    "coding": {
      "conditional_accuracy": 0.25,
      "hi": 31.08108108108108,
      "hi_raw": 0.3108108108108108,
      "lo": 17.56756756756757,
      "lo_raw": 0.17567567567567569,
      "n": 148,
      "n_errors": 0,
      "n_no_answer": 0,
      "point": 24.324324324324326,
      "point_raw": 0.24324324324324326,
      "raw_accuracy": 0.25,
      "termination_rate": 1.0
    },
    "instruction": {
      "conditional_accuracy": 0.6797153024911032,
      "hi": 70.40816326530613,
      "hi_raw": 0.7040816326530612,
      "lo": 59.523809523809526,
      "lo_raw": 0.5952380952380952,
      "n": 294,
      "n_errors": 0,
      "n_no_answer": 0,
      "point": 64.96598639455783,
      "point_raw": 0.6496598639455783,
      "raw_accuracy": 0.6496598639455783,
      "termination_rate": 0.95578231292517
    },
    "knowledge": {
      "conditional_accuracy": 0.8546365914786967,
      "hi": 87.3711500939925,
      "hi_raw": 0.873711500939925,
      "lo": 79.51319904136561,
      "lo_raw": 0.7951319904136561,
      "n": 400,
      "n_errors": 0,
      "n_no_answer": 1,
      "point": 83.44217456767905,
      "point_raw": 0.8344217456767905,
      "raw_accuracy": 0.8525,
      "termination_rate": 0.9975
    },
    "math": {
      "conditional_accuracy": 0.28106926223726897,
      "hi": 33.81294964028777,
      "hi_raw": 0.3381294964028777,
      "lo": 19.424460431654676,
      "lo_raw": 0.19424460431654678,
      "n": 139,
      "n_errors": 0,
      "n_no_answer": 9,
      "point": 26.618705035971225,
      "point_raw": 0.26618705035971224,
      "raw_accuracy": 0.26618705035971224,
      "termination_rate": 0.935251798561151
    },
    "tool_use": {
      "conditional_accuracy": 0.13356164383561644,
      "hi": 20.454032747119463,
      "hi_raw": 0.20454032747119463,
      "lo": 8.235294117647058,
      "lo_raw": 0.08235294117647059,
      "n": 146,
      "n_errors": 0,
      "n_no_answer": 0,
      "point": 13.96078431372549,
      "point_raw": 0.1396078431372549,
      "raw_accuracy": 0.13356164383561644,
      "termination_rate": 1.0
    }
  },
  "axis_status": {
    "bfcl_multi_turn_long_context": {
      "axis": "bfcl_multi_turn_long_context",
      "reason": "not_run",
      "status": "not_measured"
    },
    "bfcl_single_turn": {
      "axis": "bfcl_single_turn",
      "reason": "not_run",
      "status": "not_measured"
    },
    "call_formatting": {
      "axis": "call_formatting",
      "reason": "not_run",
      "status": "not_measured"
    },
    "coding": {
      "axis": "coding",
      "reason": "ok",
      "status": "measured"
    },
    "instruction_following": {
      "axis": "instruction_following",
      "reason": "ok",
      "status": "measured"
    },
    "knowledge": {
      "axis": "knowledge",
      "reason": "ok",
      "status": "measured"
    },
    "long_context": {
      "axis": "long_context",
      "reason": "not_run",
      "status": "not_measured"
    },
    "math": {
      "axis": "math",
      "reason": "ok",
      "status": "measured"
    },
    "tool_use": {
      "axis": "tool_use",
      "reason": "ok",
      "status": "measured"
    }
  },
  "composite": {
    "hi": 49.0464461442719,
    "hi_raw": 0.49046446144271894,
    "lo": 43.70310388739963,
    "lo_raw": 0.43703103887399625,
    "point": 46.37744973439749,
    "point_raw": 0.46377449734397486
  },
  "composite_full": {
    "hi": 49.0464461442719,
    "hi_raw": 0.49046446144271894,
    "lo": 43.70310388739963,
    "lo_raw": 0.43703103887399625,
    "point": 46.37744973439749,
    "point_raw": 0.46377449734397486
  },
  "composite_static": {
    "hi": 57.39457366243394,
    "hi_raw": 0.5739457366243395,
    "lo": 51.55504812837714,
    "lo_raw": 0.5155504812837713,
    "point": 54.481616089565485,
    "point_raw": 0.5448161608956549
  },
  "conformance": {
    "n_scored": 1457,
    "per_bench": {
      "amo": {
        "ambiguous_or_contaminated_final_rate": 0.0,
        "budget_cap_hit_rate": 0.1282051282051282,
        "empty_final_rate": 0.0,
        "forced": false,
        "leaked_reasoning_rate": 0.0,
        "measurement_truncation_rate": 0.0,
        "n_scored": 39,
        "no_final_answer_rate": 0.0,
        "reasons": [
          "budget_cap_hit_rate=13% - visible scored cap hits, not exclusions"
        ],
        "status": "headline-comparable",
        "truncation_rate": 0.1282051282051282
      },
      "appworld_c": {
        "ambiguous_or_contaminated_final_rate": 0.0,
        "budget_cap_hit_rate": 0.0,
        "empty_final_rate": 1.0,
        "forced": false,
        "leaked_reasoning_rate": 0.0,
        "measurement_truncation_rate": 0.0,
        "n_scored": 96,
        "no_final_answer_rate": 1.0,
        "reasons": [
          "empty_final_rate=100% - scored as zero, not an automatic exclusion"
        ],
        "status": "headline-comparable",
        "truncation_rate": 0.0
      },
      "bfcl_multi_turn_base": {
        "ambiguous_or_contaminated_final_rate": 0.0,
        "budget_cap_hit_rate": 0.0,
        "empty_final_rate": 0.0,
        "forced": false,
        "leaked_reasoning_rate": 0.0,
        "measurement_truncation_rate": 0.0,
        "n_scored": 50,
        "no_final_answer_rate": 0.0,
        "reasons": [],
        "status": "headline-comparable",
        "truncation_rate": 0.0
      },
      "bigcodebench_hard": {
        "ambiguous_or_contaminated_final_rate": 0.0,
        "budget_cap_hit_rate": 0.0,
        "empty_final_rate": 0.0,
        "forced": false,
        "leaked_reasoning_rate": 0.0,
        "measurement_truncation_rate": 0.0,
        "n_scored": 148,
        "no_final_answer_rate": 0.0,
        "reasons": [],
        "status": "headline-comparable",
        "truncation_rate": 0.0
      },
      "ifbench": {
        "ambiguous_or_contaminated_final_rate": 0.0,
        "budget_cap_hit_rate": 0.04421768707482993,
        "empty_final_rate": 0.0,
        "forced": false,
        "leaked_reasoning_rate": 0.0,
        "measurement_truncation_rate": 0.0,
        "n_scored": 294,
        "no_final_answer_rate": 0.0,
        "reasons": [
          "budget_cap_hit_rate=4% - visible scored cap hits, not exclusions"
        ],
        "status": "headline-comparable",
        "truncation_rate": 0.04421768707482993
      },
      "mmlu_pro": {
        "ambiguous_or_contaminated_final_rate": 0.0,
        "budget_cap_hit_rate": 0.0025,
        "empty_final_rate": 0.0,
        "forced": false,
        "leaked_reasoning_rate": 0.0,
        "measurement_truncation_rate": 0.0,
        "n_scored": 400,
        "no_final_answer_rate": 0.0,
        "reasons": [
          "budget_cap_hit_rate=0% - visible scored cap hits, not exclusions"
        ],
        "status": "headline-comparable",
        "truncation_rate": 0.0025
      },
      "olymmath_hard": {
        "ambiguous_or_contaminated_final_rate": 0.0,
        "budget_cap_hit_rate": 0.04,
        "empty_final_rate": 0.0,
        "forced": false,
        "leaked_reasoning_rate": 0.0,
        "measurement_truncation_rate": 0.0,
        "n_scored": 100,
        "no_final_answer_rate": 0.0,
        "reasons": [
          "budget_cap_hit_rate=4% - visible scored cap hits, not exclusions"
        ],
        "status": "headline-comparable",
        "truncation_rate": 0.04
      },
      "tc_json_v1": {
        "ambiguous_or_contaminated_final_rate": 0.0,
        "budget_cap_hit_rate": 0.0,
        "empty_final_rate": 0.0,
        "forced": false,
        "leaked_reasoning_rate": 0.0,
        "measurement_truncation_rate": 0.0,
        "n_scored": 330,
        "no_final_answer_rate": 0.0,
        "reasons": [],
        "status": "headline-comparable",
        "truncation_rate": 0.0
      }
    },
    "reasons": [],
    "status": "headline-comparable",
    "worst_bench": null
  },
  "contamination_label": "unverified",