{
  "axes": {
    "agentic": {
      "conditional_accuracy": 0.13541666666666666,
      "hi": 20.833333333333336,
      "hi_raw": 0.20833333333333334,
      "leaked_reasoning_rate": null,
      "lo": 7.291666666666667,
      "lo_raw": 0.07291666666666667,
      "n": 96,
      "n_errors": 0,
      "n_no_answer": 0,
      "no_final_answer_rate": null,
      "point": 13.541666666666666,
      "point_raw": 0.13541666666666666,
      "raw_accuracy": 0.13541666666666666,
      "termination_rate": 1.0,
      "truncation_rate": null
    },
    "instruction": {
      "conditional_accuracy": 0.6787003610108303,
      "hi": 69.38775510204081,
      "hi_raw": 0.6938775510204082,
      "lo": 58.50340136054422,
      "lo_raw": 0.5850340136054422,
      "n": 294,
      "n_errors": 0,
      "n_no_answer": 0,
      "point": 63.94557823129252,
      "point_raw": 0.6394557823129252,
      "raw_accuracy": 0.6394557823129252,
      "termination_rate": 0.9421768707482994
    },
    "knowledge": {
      "conditional_accuracy": 0.8592964824120602,
      "hi": 87.65179120301488,
      "hi_raw": 0.8765179120301488,
      "lo": 79.793840150388,
      "lo_raw": 0.79793840150388,
      "n": 400,
      "n_errors": 0,
      "n_no_answer": 1,
      "point": 83.72281567670144,
      "point_raw": 0.8372281567670145,
      "raw_accuracy": 0.855,
      "termination_rate": 0.995
    }
  },
  "composite": {
    "hi": 42.47680299122381,
    "hi_raw": 0.42476802991223817,
    "lo": 30.751161434782087,
    "lo_raw": 0.30751161434782087,
    "point": 36.15136552441553,
    "point_raw": 0.3615136552441553
  },
  "composite_full": null,
  "composite_static": null,
  "conformance": {
    "n_scored": 694,
    "per_bench": {
      "ifbench": {
        "forced": true,
        "leaked_reasoning_rate": 0.0,
        "n_scored": 294,
        "no_final_answer_rate": 0.0,
        "reasons": [
          "answer_cap_hit_rate=6% - scored as model failures under budget-forcing (degenerate loop / non-termination), not a conformance breach"
        ],
        "status": "headline-comparable",
        "truncation_rate": 0.05782312925170068
      },
      "mmlu_pro": {
        "forced": true,
        "leaked_reasoning_rate": 0.0,
        "n_scored": 400,
        "no_final_answer_rate": 0.0,
        "reasons": [
          "answer_cap_hit_rate=0% - scored as model failures under budget-forcing (degenerate loop / non-termination), not a conformance breach"
        ],
        "status": "headline-comparable",
        "truncation_rate": 0.005
      }
    },
    "reasons": [],
    "status": "headline-comparable",
    "worst_bench": null
  },
  "contamination_label": "unverified",
  "data_warnings": [
    "math not measured in this run; axis omitted",
    "agentic not measured in this run; axis omitted",
    "tool_calling not measured in this run; axis omitted",
    "coding not measured in this run; axis omitted"
  ],
  "est_cost_usd": null,
  "index_version": "index-v2.1",
  "item_set_hashes": {
    "instruction.jsonl": "40dc0b3e14270d61e9deae13f30f70f04d1d65a304340a7b6fe29cf4a5c51257",
    "knowledge.jsonl": "129b8d9726eab3676ca30d58fac23af4e07407eb537b9bfa10d4d24434b26ba4"
  },
  "kind": "community",
  "manifest_summary": {
    "caps": {
      "max_tokens_math": 0,
      "max_tokens_mcq": 16384,
      "thinking_budget": 8192
    },
    "hardware": {
      "cpu": "AMD64 Family 26 Model 68 Stepping 0, AuthenticAMD",
      "gpu": {
        "driver": "596.36",
        "name": "NVIDIA GeForce RTX 5090",
        "vram_gb": 31.8,
        "vram_mb": 32607
      },
      "os": "Windows-11-10.0.26200-SP0",
      "ram_gb": null
    },
    "lane": "capped-thinking",
    "model": {
      "family": "Qwen3.6",
      "file_name": null,
      "file_sha256": "UNHASHED",
      "file_size_bytes": null,
      "format": null,
      "runtime_reported_model": "qwen36-27b-q3"
    },
    "quant": "Q3_K_M",
    "runtime": {
      "ctx_len_configured": null,
      "kv_cache_quant": "unknown",
      "name": null,
      "parallel_slots": null,
      "version": null
    },
    "sampling": {
      "by_bench": {
        "instruction": {
          "max_tokens": 16384,
          "temperature": 0
        },
        "knowledge": {
          "max_tokens": 16384,
          "temperature": 0
        }
      },
      "min_p": null,
      "seed": null,
      "temperature": 0,
      "thinking_mode": "n/a",
      "top_k": null,
      "top_p": null
    },
    "thinking_mode": "n/a"
  },
  "model_label": "Qwen3.6-27B",
  "origin": "community",
  "ranked": false,
  "run_id": "qwen3-6-27b__ladder-qwen36-27b-Q3_K_M",
  "scorecard": {
    "current_id": "2c9054971977cde504e4c54fb0ae8869c7f3cb67278226edbf2547b1533d9ce1",
    "current_registry_digest": "17f3669254a8bd152526d69a484c24050aa85cfbc73bd9781cd48997c51562f8",
    "drift": true,
    "id": "59c8f3cd3e8d8dc4b5c778e701d22911fc18fdde4bf5d919ecd8beb5f9142a0f",
    "registry_digest": "d40e0ccec4d2d144dae386c3a7cc1fef7c638865accbcda4ded93d592528efed",
    "registry_drift": true,
    "version": "scorecard-v1.2"
  },
  "suite_version": "suite-v1",
  "tier": "standard",
  "tokens_to_answer_median": 3402.5,
  "tokens_to_answer_p95": 9022.85,
  "totals": {
    "completion_tokens": 3067202,
    "completion_tokens_per_second": 154.70756798339292,
    "n_errors": 0,
    "n_items": 694,
    "prompt_tokens": 2840983,
    "total_tokens": 5908185,
    "wall_time_seconds": 19825.804516100005
  },
  "trust_label": "community_re_scored",
  "worst_axis": {
    "bench": "agentic",
    "point": 13.541666666666666,
    "point_raw": 0.13541666666666666
  }
}
