{
  "axes": {
    "agentic": {
      "hi": 100.0,
      "hi_raw": 1.0,
      "lo": 93.75,
      "lo_raw": 0.9375,
      "n": 80,
      "n_errors": 0,
      "n_no_answer": 0,
      "point": 97.5,
      "point_raw": 0.975,
      "raw_accuracy": 0.975
    },
    "instruction": {
      "hi": 67.5,
      "hi_raw": 0.675,
      "lo": 45.0,
      "lo_raw": 0.45,
      "n": 80,
      "n_errors": 0,
      "n_no_answer": 0,
      "point": 56.25,
      "point_raw": 0.5625,
      "raw_accuracy": 0.5625
    },
    "knowledge": {
      "hi": 61.111111111111114,
      "hi_raw": 0.6111111111111112,
      "lo": 36.11111111111111,
      "lo_raw": 0.3611111111111111,
      "n": 80,
      "n_errors": 0,
      "n_no_answer": 15,
      "point": 48.61111111111111,
      "point_raw": 0.48611111111111105,
      "raw_accuracy": 0.5375
    },
    "math": {
      "hi": 13.445378151260504,
      "hi_raw": 0.13445378151260504,
      "lo": 4.201680672268908,
      "lo_raw": 0.04201680672268908,
      "n": 119,
      "n_errors": 0,
      "n_no_answer": 0,
      "point": 8.403361344537815,
      "point_raw": 0.08403361344537816,
      "raw_accuracy": 0.08403361344537816
    }
  },
  "composite": {
    "hi": 60.514122315592914,
    "hi_raw": 0.6051412231559291,
    "lo": 44.765697945845005,
    "lo_raw": 0.44765697945845007,
    "point": 52.691118113912225,
    "point_raw": 0.5269111811391223
  },
  "data_warnings": [
    "composite point 0.526911181139 differs from stored composite 0.434978632479"
  ],
  "est_cost_usd": null,
  "index_version": "index-v1",
  "item_set_hashes": {
    "agentic.jsonl": "26d990d589db8a8b2a70b23c592ea0aff9df8287d9509a2fadd98d1b72661e17",
    "instruction.jsonl": "40dc0b3e14270d61e9deae13f30f70f04d1d65a304340a7b6fe29cf4a5c51257",
    "knowledge.jsonl": "1138cb40b4e7ab84da790e16fa44f9184220f35760e95802064a3522db1a537a",
    "math-part4.jsonl": "60e172588066dd6f0af14f7ce01b9d87390f6e7803673f42051a830a4a6d2f70",
    "math.jsonl": "4654703c70829704f39ec38cb91dab1a06eba7fc9846a53ec93e1b3b73786980"
  },
  "kind": "community",
  "manifest_summary": {
    "caps": {
      "max_tokens_math": 0,
      "max_tokens_mcq": 0,
      "thinking_budget": 0
    },
    "hardware": {
      "cpu": "AMD64 Family 26 Model 68 Stepping 0, AuthenticAMD",
      "gpu": {
        "driver": "596.36",
        "name": "NVIDIA GeForce RTX 5090",
        "vram_gb": 31.8,
        "vram_mb": 32607
      },
      "os": "Windows-11-10.0.26200-SP0",
      "ram_gb": null
    },
    "lane": "answer-only",
    "model": {
      "family": "Qwen3.6-27B",
      "file_name": null,
      "file_sha256": "UNHASHED",
      "file_size_bytes": null,
      "format": null,
      "runtime_reported_model": "Qwen3.6-27B-Q6_K.gguf"
    },
    "quant": "Q6_K",
    "runtime": {
      "ctx_len_configured": null,
      "kv_cache_quant": "unknown",
      "name": null,
      "parallel_slots": null,
      "version": null
    },
    "sampling": {
      "by_bench": {
        "agentic": {
          "max_tokens": 8192,
          "temperature": 0
        },
        "instruction": {
          "max_tokens": 8192,
          "temperature": 0
        },
        "knowledge": {
          "max_tokens": 12288,
          "temperature": 0
        },
        "math": {
          "max_tokens": 16384,
          "temperature": 0
        }
      },
      "min_p": null,
      "reasoning_effort": "none",
      "seed": null,
      "temperature": 0,
      "thinking_mode": "n/a",
      "top_k": null,
      "top_p": null
    },
    "thinking_mode": "n/a"
  },
  "model_label": "Qwen3.6-27B",
  "run_id": "qwen3-6-27b__lcpp-q6_k",
  "suite_version": "suite-v1",
  "tier": "standard",
  "tokens_to_answer_median": 802.0,
  "tokens_to_answer_p95": 2048.0,
  "totals": {
    "completion_tokens": 364461,
    "completion_tokens_per_second": 104.41113087000018,
    "n_errors": 0,
    "n_items": 359,
    "prompt_tokens": 82830,
    "total_tokens": 447291,
    "wall_time_seconds": 3490.6335843999404
  },
  "worst_axis": {
    "bench": "math",
    "point": 8.403361344537815,
    "point_raw": 0.08403361344537816
  }
}
