{
  "axes": {
    "agentic": {
      "hi": 100.0,
      "hi_raw": 1.0,
      "lo": 93.75,
      "lo_raw": 0.9375,
      "n": 80,
      "n_errors": 0,
      "n_no_answer": 0,
      "point": 97.5,
      "point_raw": 0.975,
      "raw_accuracy": 0.975
    },
    "instruction": {
      "hi": 65.0,
      "hi_raw": 0.65,
      "lo": 42.5,
      "lo_raw": 0.425,
      "n": 80,
      "n_errors": 0,
      "n_no_answer": 0,
      "point": 53.75,
      "point_raw": 0.5375,
      "raw_accuracy": 0.5375
    },
    "knowledge": {
      "hi": 56.94444444444444,
      "hi_raw": 0.5694444444444444,
      "lo": 31.944444444444454,
      "lo_raw": 0.31944444444444453,
      "n": 80,
      "n_errors": 0,
      "n_no_answer": 11,
      "point": 44.44444444444445,
      "point_raw": 0.4444444444444445,
      "raw_accuracy": 0.5
    },
    "math": {
      "hi": 9.243697478991598,
      "hi_raw": 0.09243697478991597,
      "lo": 1.680672268907563,
      "lo_raw": 0.01680672268907563,
      "n": 119,
      "n_errors": 0,
      "n_no_answer": 0,
      "point": 5.042016806722689,
      "point_raw": 0.05042016806722689,
      "raw_accuracy": 0.05042016806722689
    }
  },
  "composite": {
    "hi": 57.797035480859016,
    "hi_raw": 0.5779703548085902,
    "lo": 42.468779178338,
    "lo_raw": 0.42468779178338006,
    "point": 50.18411531279179,
    "point_raw": 0.5018411531279179
  },
  "data_warnings": [
    "composite point 0.501841153128 differs from stored composite 0.409017094017"
  ],
  "est_cost_usd": null,
  "index_version": "index-v1",
  "item_set_hashes": {
    "agentic.jsonl": "26d990d589db8a8b2a70b23c592ea0aff9df8287d9509a2fadd98d1b72661e17",
    "instruction.jsonl": "40dc0b3e14270d61e9deae13f30f70f04d1d65a304340a7b6fe29cf4a5c51257",
    "knowledge.jsonl": "1138cb40b4e7ab84da790e16fa44f9184220f35760e95802064a3522db1a537a",
    "math-part4.jsonl": "60e172588066dd6f0af14f7ce01b9d87390f6e7803673f42051a830a4a6d2f70",
    "math.jsonl": "4654703c70829704f39ec38cb91dab1a06eba7fc9846a53ec93e1b3b73786980"
  },
  "kind": "community",
  "manifest_summary": {
    "caps": {
      "max_tokens_math": 0,
      "max_tokens_mcq": 0,
      "thinking_budget": 0
    },
    "hardware": {
      "cpu": "AMD64 Family 26 Model 68 Stepping 0, AuthenticAMD",
      "gpu": {
        "driver": "596.36",
        "name": "NVIDIA GeForce RTX 5090",
        "vram_gb": 31.8,
        "vram_mb": 32607
      },
      "os": "Windows-11-10.0.26200-SP0",
      "ram_gb": null
    },
    "lane": "answer-only",
    "model": {
      "family": "Qwen3.6-27B",
      "file_name": null,
      "file_sha256": "UNHASHED",
      "file_size_bytes": null,
      "format": null,
      "runtime_reported_model": "Qwen3.6-27B-Q8_0.gguf"
    },
    "quant": "Q8_0",
    "runtime": {
      "ctx_len_configured": null,
      "kv_cache_quant": "unknown",
      "name": null,
      "parallel_slots": null,
      "version": null
    },
    "sampling": {
      "by_bench": {
        "agentic": {
          "max_tokens": 8192,
          "temperature": 0
        },
        "instruction": {
          "max_tokens": 8192,
          "temperature": 0
        },
        "knowledge": {
          "max_tokens": 12288,
          "temperature": 0
        },
        "math": {
          "max_tokens": 16384,
          "temperature": 0
        }
      },
      "min_p": null,
      "reasoning_effort": "none",
      "seed": null,
      "temperature": 0,
      "thinking_mode": "n/a",
      "top_k": null,
      "top_p": null
    },
    "thinking_mode": "n/a"
  },
  "model_label": "Qwen3.6-27B",
  "run_id": "qwen3-6-27b__lcpp-q8_0",
  "suite_version": "suite-v1",
  "tier": "standard",
  "tokens_to_answer_median": 747.0,
  "tokens_to_answer_p95": 2048.0,
  "totals": {
    "completion_tokens": 367222,
    "completion_tokens_per_second": 89.18414550945985,
    "n_errors": 0,
    "n_items": 359,
    "prompt_tokens": 82830,
    "total_tokens": 450052,
    "wall_time_seconds": 4117.570425800048
  },
  "worst_axis": {
    "bench": "math",
    "point": 5.042016806722689,
    "point_raw": 0.05042016806722689
  }
}
