{
  "axes": {
    "instruction": {
      "conditional_accuracy": 0.3506944444444444,
      "hi": 39.795918367346935,
      "hi_raw": 0.3979591836734694,
      "lo": 28.91156462585034,
      "lo_raw": 0.2891156462585034,
      "n": 294,
      "n_errors": 2,
      "n_no_answer": 0,
      "point": 34.35374149659864,
      "point_raw": 0.3435374149659864,
      "raw_accuracy": 0.3435374149659864,
      "termination_rate": 0.9795918367346939
    },
    "knowledge": {
      "conditional_accuracy": 0.8446115288220551,
      "hi": 86.24858565790295,
      "hi_raw": 0.8624858565790295,
      "lo": 78.10999349625367,
      "lo_raw": 0.7810999349625366,
      "n": 400,
      "n_errors": 0,
      "n_no_answer": 0,
      "point": 82.3196101315895,
      "point_raw": 0.823196101315895,
      "raw_accuracy": 0.8425,
      "termination_rate": 0.9975
    },
    "tool_calling": {
      "conditional_accuracy": 0.7424242424242424,
      "hi": 78.78787878787878,
      "hi_raw": 0.7878787878787878,
      "lo": 69.39393939393939,
      "lo_raw": 0.693939393939394,
      "n": 330,
      "n_errors": 0,
      "n_no_answer": 2,
      "point": 74.24242424242425,
      "point_raw": 0.7424242424242424,
      "raw_accuracy": 0.7424242424242424,
      "termination_rate": 1.0
    }
  },
  "composite": {
    "hi": 66.9636587064384,
    "hi_raw": 0.669636587064384,
    "lo": 57.48156914427385,
    "lo_raw": 0.5748156914427385,
    "point": 62.31311292117662,
    "point_raw": 0.6231311292117662
  },
  "conformance": {
    "n_scored": 1022,
    "per_bench": {
      "ifbench": {
        "forced": false,
        "leaked_reasoning_rate": 0.0,
        "n_scored": 292,
        "no_final_answer_rate": 0.0,
        "reasons": [],
        "status": "headline-comparable",
        "truncation_rate": 0.0136986301369863
      },
      "mmlu_pro": {
        "forced": false,
        "leaked_reasoning_rate": 0.0,
        "n_scored": 400,
        "no_final_answer_rate": 0.0,
        "reasons": [],
        "status": "headline-comparable",
        "truncation_rate": 0.0025
      },
      "tc_json_v1": {
        "forced": false,
        "leaked_reasoning_rate": 0.0,
        "n_scored": 330,
        "no_final_answer_rate": 0.0,
        "reasons": [],
        "status": "headline-comparable",
        "truncation_rate": 0.0
      }
    },
    "reasons": [],
    "status": "headline-comparable",
    "worst_bench": null
  },
  "contamination_label": "unverified",
  "data_warnings": [
    "agentic appworld_c quarantined: missing diagnostics or harness-dominated client path",
    "math not measured in this run; axis omitted",
    "agentic not measured in this run; axis omitted",
    "coding not measured in this run; axis omitted",
    "composite point 0.623131129212 differs from stored composite 0.209363768939"
  ],
  "est_cost_usd": null,
  "index_version": "index-v2.1",
  "item_set_hashes": {
    "instruction.jsonl": "40dc0b3e14270d61e9deae13f30f70f04d1d65a304340a7b6fe29cf4a5c51257",
    "knowledge.jsonl": "129b8d9726eab3676ca30d58fac23af4e07407eb537b9bfa10d4d24434b26ba4",
    "tool_calling.jsonl": "571b3c4064b523174900883c786df4fdbb6c2a8924a148620a167415d67afd74"
  },
  "kind": "community",
  "manifest_summary": {
    "caps": {
      "max_tokens_math": 0,
      "max_tokens_mcq": 16384,
      "thinking_budget": 0
    },
    "hardware": {
      "cpu": "x86_64",
      "gpu": {
        "driver": "595.58.03",
        "name": "NVIDIA RTX PRO 6000 Blackwell Workstation Edition",
        "vram_gb": 95.6,
        "vram_mb": 97887
      },
      "os": "Linux-7.0.0-15-generic-x86_64-with-glibc2.43",
      "ram_gb": null
    },
    "lane": "capped-thinking",
    "model": {
      "family": "Qwen3.6",
      "file_name": null,
      "file_sha256": null,
      "file_size_bytes": null,
      "format": null,
      "runtime_reported_model": "qwen3.6-35b-a3b-q4"
    },
    "quant": "Q4_K_M",
    "runtime": {
      "ctx_len_configured": null,
      "kv_cache_quant": "unknown",
      "name": null,
      "parallel_slots": null,
      "version": null
    },
    "sampling": {
      "by_bench": {
        "instruction": {
          "max_tokens": 16384,
          "temperature": 0
        },
        "knowledge": {
          "max_tokens": 16384,
          "temperature": 0
        },
        "tool_calling": {
          "max_tokens": 16384,
          "temperature": 0
        }
      },
      "min_p": null,
      "seed": null,
      "temperature": 0,
      "thinking_mode": "n/a",
      "top_k": null,
      "top_p": null
    },
    "thinking_mode": "n/a"
  },
  "model_label": "Qwen3.6 35B A3B",
  "ranked": false,
  "run_id": "qwen3-6-35b-a3b__qwen3.6-35b-a3b-q4",
  "scorecard": {
    "current_id": "2c9054971977cde504e4c54fb0ae8869c7f3cb67278226edbf2547b1533d9ce1",
    "current_registry_digest": "17f3669254a8bd152526d69a484c24050aa85cfbc73bd9781cd48997c51562f8",
    "drift": true,
    "id": "cfbc3d38f2ab34126bcd7969f39eea56880e19b2dec7afdc987332097233db0e",
    "registry_digest": "2d36c8dd7dd2c8e48f0ffeff7429d6baed7966edef79fc9adb8eae231d7f579b",
    "registry_drift": true,
    "version": "scorecard-v2.0"
  },
  "suite_version": "suite-v1",
  "tier": "standard",
  "tokens_to_answer_median": 247.0,
  "tokens_to_answer_p95": 2504.999999999996,
  "totals": {
    "completion_tokens": 692332,
    "completion_tokens_per_second": 286.11980346112756,
    "n_errors": 2,
    "n_items": 1120,
    "prompt_tokens": 293303,
    "total_tokens": 985635,
    "wall_time_seconds": 2419.727651232155
  },
  "worst_axis": {
    "bench": "instruction",
    "point": 34.35374149659864,
    "point_raw": 0.3435374149659864
  }
}
