{
  "agentic_provenance": "project_attested",
  "axes": {
    "coding": {
      "ambiguous_or_contaminated_final_rate": 0.0,
      "budget_cap_hit_rate": 0.0,
      "conditional_accuracy": 0.25,
      "empty_final_rate": 0.0,
      "hi": 32.62411347517731,
      "hi_raw": 0.3262411347517731,
      "leaked_reasoning_rate": 0.0,
      "lo": 18.439716312056735,
      "lo_raw": 0.18439716312056736,
      "measurement_truncation_rate": 0.0,
      "n": 141,
      "n_errors": 0,
      "n_no_answer": 0,
      "no_final_answer_rate": 0.0,
      "point": 25.53191489361702,
      "point_raw": 0.2553191489361702,
      "raw_accuracy": 0.2553191489361702,
      "termination_rate": 1.0,
      "truncation_rate": 0.0
    },
    "instruction": {
      "ambiguous_or_contaminated_final_rate": 0.0,
      "budget_cap_hit_rate": 0.04421768707482993,
      "conditional_accuracy": 0.6797153024911032,
      "empty_final_rate": 0.0,
      "hi": 70.40816326530613,
      "hi_raw": 0.7040816326530612,
      "leaked_reasoning_rate": 0.0,
      "lo": 59.523809523809526,
      "lo_raw": 0.5952380952380952,
      "measurement_truncation_rate": 0.0,
      "n": 294,
      "n_errors": 0,
      "n_no_answer": 0,
      "no_final_answer_rate": 0.0,
      "point": 64.96598639455783,
      "point_raw": 0.6496598639455783,
      "raw_accuracy": 0.6496598639455783,
      "termination_rate": 0.95578231292517,
      "truncation_rate": 0.04421768707482993
    },
    "knowledge": {
      "ambiguous_or_contaminated_final_rate": 0.0,
      "budget_cap_hit_rate": 0.0025,
      "conditional_accuracy": 0.8546365914786967,
      "empty_final_rate": 0.0,
      "hi": 87.3711500939925,
      "hi_raw": 0.873711500939925,
      "leaked_reasoning_rate": 0.0,
      "lo": 79.51319904136561,
      "lo_raw": 0.7951319904136561,
      "measurement_truncation_rate": 0.0,
      "n": 400,
      "n_errors": 0,
      "n_no_answer": 1,
      "no_final_answer_rate": 0.0,
      "point": 83.44217456767905,
      "point_raw": 0.8344217456767905,
      "raw_accuracy": 0.8525,
      "termination_rate": 0.9975,
      "truncation_rate": 0.0025
    },
    "math": {
      "ambiguous_or_contaminated_final_rate": 0.0,
      "budget_cap_hit_rate": 0.0841025641025641,
      "conditional_accuracy": 0.28106926223726897,
      "empty_final_rate": 0.0,
      "hi": 33.81294964028777,
      "hi_raw": 0.3381294964028777,
      "leaked_reasoning_rate": 0.0,
      "lo": 19.424460431654676,
      "lo_raw": 0.19424460431654678,
      "measurement_truncation_rate": 0.0,
      "n": 139,
      "n_errors": 0,
      "n_no_answer": 9,
      "no_final_answer_rate": 0.0,
      "point": 26.618705035971225,
      "point_raw": 0.26618705035971224,
      "raw_accuracy": 0.26618705035971224,
      "termination_rate": 0.935251798561151,
      "truncation_rate": 0.0841025641025641
    },
    "tool_use": {
      "ambiguous_or_contaminated_final_rate": 0.0,
      "budget_cap_hit_rate": 0.0,
      "conditional_accuracy": 0.08854166666666667,
      "empty_final_rate": 1.0,
      "facets": {
        "agentic": {
          "bench": "appworld_c",
          "hi": 15.730337078651685,
          "hi_raw": 0.15730337078651685,
          "lo": 2.1739130434782608,
          "lo_raw": 0.021739130434782608,
          "n": 96,
          "point": 8.333333333333332,
          "point_raw": 0.08333333333333333,
          "raw_accuracy": 0.08333333333333333,
          "weight": 1.0
        }
      },
      "hi": 15.730337078651685,
      "hi_raw": 0.15730337078651685,
      "leaked_reasoning_rate": 0.0,
      "lo": 2.1739130434782608,
      "lo_raw": 0.021739130434782608,
      "measurement_truncation_rate": 0.0,
      "n": 96,
      "n_errors": 0,
      "n_no_answer": 0,
      "no_final_answer_rate": 1.0,
      "point": 8.333333333333332,
      "point_raw": 0.08333333333333333,
      "raw_accuracy": 0.08333333333333333,
      "termination_rate": 1.0,
      "truncation_rate": 0.0
    }
  },
  "axis_status": {
    "bfcl_multi_turn_long_context": {
      "axis": "bfcl_multi_turn_long_context",
      "reason": "not_run",
      "status": "not_measured"
    },
    "bfcl_single_turn": {
      "axis": "bfcl_single_turn",
      "reason": "not_run",
      "status": "not_measured"
    },
    "call_formatting": {
      "axis": "call_formatting",
      "reason": "not_run",
      "status": "not_measured"
    },
    "coding": {
      "axis": "coding",
      "reason": "ok",
      "status": "measured"
    },
    "instruction_following": {
      "axis": "instruction_following",
      "reason": "ok",
      "status": "measured"
    },
    "knowledge": {
      "axis": "knowledge",
      "reason": "ok",
      "status": "measured"
    },
    "long_context": {
      "axis": "long_context",
      "reason": "not_run",
      "status": "not_measured"
    },
    "math": {
      "axis": "math",
      "reason": "ok",
      "status": "measured"
    },
    "tool_use": {
      "axis": "tool_use",
      "reason": "ok",
      "status": "measured"
    }
  },
  "composite": {
    "hi": 46.091303745083536,
    "hi_raw": 0.4609130374508354,
    "lo": 40.49380915960097,
    "lo_raw": 0.4049380915960097,
    "point": 43.2162532785983,
    "point_raw": 0.43216253278598304
  },
  "composite_full": {
    "hi": 46.091303745083536,
    "hi_raw": 0.4609130374508354,
    "lo": 40.49380915960097,
    "lo_raw": 0.4049380915960097,
    "point": 43.2162532785983,
    "point_raw": 0.43216253278598304
  },
  "composite_static": {
    "hi": 57.83178595411367,
    "hi_raw": 0.5783178595411367,
    "lo": 51.85698572128794,
    "lo_raw": 0.5185698572128794,
    "point": 54.84389326035329,
    "point_raw": 0.5484389326035329
  },
  "conformance": {
    "n_scored": 1457,
    "per_bench": {
      "amo": {
        "ambiguous_or_contaminated_final_rate": 0.0,
        "budget_cap_hit_rate": 0.1282051282051282,
        "empty_final_rate": 0.0,
        "forced": false,
        "leaked_reasoning_rate": 0.0,
        "measurement_truncation_rate": 0.0,
        "n_scored": 39,
        "no_final_answer_rate": 0.0,
        "reasons": [
          "budget_cap_hit_rate=13% - visible scored cap hits, not exclusions"
        ],
        "status": "headline-comparable",
        "truncation_rate": 0.1282051282051282
      },
      "appworld_c": {
        "ambiguous_or_contaminated_final_rate": 0.0,
        "budget_cap_hit_rate": 0.0,
        "empty_final_rate": 1.0,
        "forced": false,
        "leaked_reasoning_rate": 0.0,
        "measurement_truncation_rate": 0.0,
        "n_scored": 96,
        "no_final_answer_rate": 1.0,
        "reasons": [
          "empty_final_rate=100% - scored as zero, not an automatic exclusion"
        ],
        "status": "headline-comparable",
        "truncation_rate": 0.0
      },
      "bfcl_multi_turn_base": {
        "ambiguous_or_contaminated_final_rate": 0.0,
        "budget_cap_hit_rate": 0.0,
        "empty_final_rate": 0.0,
        "forced": false,
        "leaked_reasoning_rate": 0.0,
        "measurement_truncation_rate": 0.0,
        "n_scored": 50,
        "no_final_answer_rate": 0.0,
        "reasons": [],
        "status": "headline-comparable",
        "truncation_rate": 0.0
      },
      "bigcodebench_hard": {
        "ambiguous_or_contaminated_final_rate": 0.0,
        "budget_cap_hit_rate": 0.0,
        "empty_final_rate": 0.0,
        "forced": false,
        "leaked_reasoning_rate": 0.0,
        "measurement_truncation_rate": 0.0,
        "n_scored": 148,
        "no_final_answer_rate": 0.0,
        "reasons": [],
        "status": "headline-comparable",
        "truncation_rate": 0.0
      },
      "ifbench": {
        "ambiguous_or_contaminated_final_rate": 0.0,
        "budget_cap_hit_rate": 0.04421768707482993,
        "empty_final_rate": 0.0,
        "forced": false,
        "leaked_reasoning_rate": 0.0,
        "measurement_truncation_rate": 0.0,
        "n_scored": 294,
        "no_final_answer_rate": 0.0,