{
  "agentic_provenance": "project_attested",
  "axes": {
    "agentic": {
      "conditional_accuracy": 0.08854166666666667,
      "hi": 14.583333333333334,
      "hi_raw": 0.14583333333333334,
      "lo": 3.125,
      "lo_raw": 0.03125,
      "n": 96,
      "n_errors": 0,
      "n_no_answer": 0,
      "point": 8.333333333333332,
      "point_raw": 0.08333333333333333,
      "raw_accuracy": 0.08854166666666667,
      "termination_rate": 1.0
    },
    "coding": {
      "conditional_accuracy": 0.2553191489361702,
      "hi": 32.62411347517731,
      "hi_raw": 0.3262411347517731,
      "lo": 18.439716312056735,
      "lo_raw": 0.18439716312056736,
      "n": 141,
      "n_errors": 0,
      "n_no_answer": 0,
      "n_unscoreable": 7,
      "point": 25.53191489361702,
      "point_raw": 0.2553191489361702,
      "raw_accuracy": 0.2553191489361702,
      "termination_rate": 1.0
    },
    "instruction": {
      "conditional_accuracy": 0.6797153024911032,
      "hi": 70.40816326530613,
      "hi_raw": 0.7040816326530612,
      "lo": 59.523809523809526,
      "lo_raw": 0.5952380952380952,
      "n": 294,
      "n_errors": 0,
      "n_no_answer": 0,
      "point": 64.96598639455783,
      "point_raw": 0.6496598639455783,
      "raw_accuracy": 0.6496598639455783,
      "termination_rate": 0.95578231292517
    },
    "knowledge": {
      "conditional_accuracy": 0.8546365914786967,
      "hi": 87.3711500939925,
      "hi_raw": 0.873711500939925,
      "lo": 79.51319904136561,
      "lo_raw": 0.7951319904136561,
      "n": 400,
      "n_errors": 0,
      "n_no_answer": 1,
      "point": 83.44217456767905,
      "point_raw": 0.8344217456767905,
      "raw_accuracy": 0.8525,
      "termination_rate": 0.9975
    },
    "math": {
      "conditional_accuracy": 0.28106926223726897,
      "hi": 33.81294964028777,
      "hi_raw": 0.3381294964028777,
      "lo": 19.424460431654676,
      "lo_raw": 0.19424460431654678,
      "n": 139,
      "n_errors": 0,
      "n_no_answer": 9,
      "point": 26.618705035971225,
      "point_raw": 0.26618705035971224,
      "raw_accuracy": 0.26618705035971224,
      "termination_rate": 0.935251798561151
    },
    "tool_calling": {
      "conditional_accuracy": 0.7333333333333333,
      "hi": 77.87878787878788,
      "hi_raw": 0.7787878787878788,
      "lo": 68.48484848484848,
      "lo_raw": 0.6848484848484848,
      "n": 330,
      "n_errors": 0,
      "n_no_answer": 0,
      "point": 73.33333333333333,
      "point_raw": 0.7333333333333333,
      "raw_accuracy": 0.7333333333333333,
      "termination_rate": 1.0
    }
  },
  "axis_status": {
    "agentic": {
      "axis": "agentic",
      "reason": "ok",
      "status": "measured"
    },
    "coding": {
      "axis": "coding",
      "detail": "BigCodeBench-Hard artifacts generated; verifier verdict pending",
      "reason": "verdict_pending",
      "status": "generated_unverified"
    },
    "instruction_following": {
      "axis": "instruction_following",
      "reason": "ok",
      "status": "measured"
    },
    "knowledge": {
      "axis": "knowledge",
      "reason": "ok",
      "status": "measured"
    },
    "long_context": {
      "axis": "long_context",
      "reason": "not_run",
      "status": "not_measured"
    },
    "math": {
      "axis": "math",
      "reason": "ok",
      "status": "measured"
    },
    "tool_calling": {
      "axis": "tool_calling",
      "reason": "ok",
      "status": "measured"
    }
  },
  "composite": {
    "hi": 41.379361988127116,
    "hi_raw": 0.41379361988127117,
    "lo": 35.13224557301843,
    "lo_raw": 0.3513224557301843,
    "point": 38.08861329684331,
    "point_raw": 0.3808861329684331
  },
  "composite_full": {
    "hi": 41.379361988127116,
    "hi_raw": 0.41379361988127117,
    "lo": 35.13224557301843,
    "lo_raw": 0.3513224557301843,
    "point": 38.08861329684331,
    "point_raw": 0.3808861329684331
  },
  "composite_static": {
    "hi": 62.03825450718023,
    "hi_raw": 0.6203825450718022,
    "lo": 57.04091799833226,
    "lo_raw": 0.5704091799833226,
    "point": 59.53696038954641,
    "point_raw": 0.5953696038954641
  },
  "conformance": {
    "n_scored": 1311,
    "per_bench": {
      "amo": {
        "ambiguous_or_contaminated_final_rate": 0.0,
        "budget_cap_hit_rate": 0.1282051282051282,
        "empty_final_rate": 0.0,
        "forced": false,
        "leaked_reasoning_rate": 0.0,
        "measurement_truncation_rate": 0.0,
        "n_scored": 39,
        "no_final_answer_rate": 0.0,
        "reasons": [
          "budget_cap_hit_rate=13% - visible scored cap hits, not exclusions"
        ],
        "status": "headline-comparable",
        "truncation_rate": 0.1282051282051282
      },
      "bigcodebench_hard": {
        "ambiguous_or_contaminated_final_rate": 0.0,
        "budget_cap_hit_rate": 0.0,
        "empty_final_rate": 0.0,
        "forced": false,
        "leaked_reasoning_rate": 0.0,
        "measurement_truncation_rate": 0.0,
        "n_scored": 148,
        "no_final_answer_rate": 0.0,
        "reasons": [],
        "status": "headline-comparable",
        "truncation_rate": 0.0
      },
      "ifbench": {
        "ambiguous_or_contaminated_final_rate": 0.0,
        "budget_cap_hit_rate": 0.04421768707482993,
        "empty_final_rate": 0.0,
        "forced": false,
        "leaked_reasoning_rate": 0.0,
        "measurement_truncation_rate": 0.0,
        "n_scored": 294,
        "no_final_answer_rate": 0.0,
        "reasons": [
          "budget_cap_hit_rate=4% - visible scored cap hits, not exclusions"
        ],
        "status": "headline-comparable",
        "truncation_rate": 0.04421768707482993
      },
      "mmlu_pro": {
        "ambiguous_or_contaminated_final_rate": 0.0,
        "budget_cap_hit_rate": 0.0025,
        "empty_final_rate": 0.0,
        "forced": false,
        "leaked_reasoning_rate": 0.0,
        "measurement_truncation_rate": 0.0,
        "n_scored": 400,
        "no_final_answer_rate": 0.0,
        "reasons": [
          "budget_cap_hit_rate=0% - visible scored cap hits, not exclusions"
        ],
        "status": "headline-comparable",
        "truncation_rate": 0.0025
      },
      "olymmath_hard": {
        "ambiguous_or_contaminated_final_rate": 0.0,
        "budget_cap_hit_rate": 0.04,
        "empty_final_rate": 0.0,
        "forced": false,
        "leaked_reasoning_rate": 0.0,
        "measurement_truncation_rate": 0.0,
        "n_scored": 100,
        "no_final_answer_rate": 0.0,
        "reasons": [
          "budget_cap_hit_rate=4% - visible scored cap hits, not exclusions"
        ],
        "status": "headline-comparable",
        "truncation_rate": 0.04
      },
      "tc_json_v1": {
        "ambiguous_or_contaminated_final_rate": 0.0,
        "budget_cap_hit_rate": 0.0,
        "empty_final_rate": 0.0,
        "forced": false,
        "leaked_reasoning_rate": 0.0,
        "measurement_truncation_rate": 0.0,
        "n_scored": 330,
        "no_final_answer_rate": 0.0,
        "reasons": [],
        "status": "headline-comparable",
        "truncation_rate": 0.0
      }
    },
    "reasons": [],
    "status": "headline-comparable",
    "worst_bench": null
  },
  "conformance_gates": {
    "tc_json_v1": {
      "band": "amber",
      "band_reasons": [],
      "id": "tc_json_v1",
      "invalid_json_rate": 0.0,
      "label": "Tool-calling",
      "n_items": 330,
      "pass_rate": {
        "hi": 77.81608716866391,
        "lo": 68.31359383141618,
        "point": 73.33333333333333
      },
      "threshold_version": "tc_json_v1"
    }
  },
  "contamination_label": "unverified",
  "data_warnings": [
    "agentic chance_corrected differs from item-derived mean; stale/inconsistent run JSON"
  ],
  "est_cost_usd": null,
  "has_code_artifacts": true,
  "index_version": "index-v3.0",
  "item_set_hashes": {
    "coding.jsonl": "33635febb89ab6cb8f06e139bc33932ada89d90e32ce03820ad7f15712e19b8e",