{
  "axes": {
    "agentic": {
      "ambiguous_or_contaminated_final_rate": null,
      "budget_cap_hit_rate": null,
      "conditional_accuracy": 0.13541666666666666,
      "empty_final_rate": null,
      "hi": 20.833333333333336,
      "hi_raw": 0.20833333333333334,
      "leaked_reasoning_rate": null,
      "lo": 7.291666666666667,
      "lo_raw": 0.07291666666666667,
      "measurement_truncation_rate": null,
      "n": 96,
      "n_errors": 0,
      "n_no_answer": 0,
      "no_final_answer_rate": null,
      "point": 13.541666666666666,
      "point_raw": 0.13541666666666666,
      "raw_accuracy": 0.13541666666666666,
      "termination_rate": 1.0,
      "truncation_rate": null
    },
    "instruction": {
      "conditional_accuracy": 0.6072727272727273,
      "hi": 62.585034013605444,
      "hi_raw": 0.6258503401360545,
      "lo": 51.02040816326531,
      "lo_raw": 0.5102040816326531,
      "n": 294,
      "n_errors": 0,
      "n_no_answer": 0,
      "point": 56.80272108843537,
      "point_raw": 0.5680272108843537,
      "raw_accuracy": 0.5680272108843537,
      "termination_rate": 0.935374149659864
    },
    "knowledge": {
      "conditional_accuracy": 0.8673469387755103,
      "hi": 87.09050898497011,
      "hi_raw": 0.8709050898497012,
      "lo": 78.95191682332083,
      "lo_raw": 0.7895191682332083,
      "n": 400,
      "n_errors": 0,
      "n_no_answer": 6,
      "point": 83.16153345865666,
      "point_raw": 0.8316153345865667,
      "raw_accuracy": 0.85,
      "termination_rate": 0.98
    }
  },
  "composite": null,
  "composite_full": null,
  "composite_static": null,
  "conformance": {
    "n_scored": 694,
    "per_bench": {
      "ifbench": {
        "forced": true,
        "leaked_reasoning_rate": 0.0,
        "n_scored": 294,
        "no_final_answer_rate": 0.0,
        "reasons": [
          "answer_cap_hit_rate=6% - scored as model failures under budget-forcing (degenerate loop / non-termination), not a conformance breach"
        ],
        "status": "headline-comparable",
        "truncation_rate": 0.06462585034013606
      },
      "mmlu_pro": {
        "forced": true,
        "leaked_reasoning_rate": 0.0,
        "n_scored": 400,
        "no_final_answer_rate": 0.0,
        "reasons": [
          "answer_cap_hit_rate=2% - scored as model failures under budget-forcing (degenerate loop / non-termination), not a conformance breach"
        ],
        "status": "headline-comparable",
        "truncation_rate": 0.02
      }
    },
    "reasons": [],
    "status": "headline-comparable",
    "worst_bench": null
  },
  "contamination_label": "unverified",
  "data_warnings": [
    "math not measured in this run; axis omitted",
    "agentic not measured in this run; axis omitted",
    "tool_calling not measured in this run; axis omitted",
    "coding not measured in this run; axis omitted"
  ],
  "diagnostic_composite": {
    "hi": 43.4531321212635,
    "hi_raw": 0.434531321212635,
    "lo": 32.79267284394757,
    "lo_raw": 0.3279267284394757,
    "point": 37.73043549818639,
    "point_raw": 0.3773043549818639
  },
  "est_cost_usd": null,
  "index_version": "index-v3.0",
  "item_set_hashes": {
    "instruction.jsonl": "40dc0b3e14270d61e9deae13f30f70f04d1d65a304340a7b6fe29cf4a5c51257",
    "knowledge.jsonl": "129b8d9726eab3676ca30d58fac23af4e07407eb537b9bfa10d4d24434b26ba4"
  },
  "kind": "community",
  "lane": "capped-thinking",
  "manifest_summary": {
    "caps": {
      "max_tokens_math": 0,
      "max_tokens_mcq": 16384,
      "thinking_budget": 8192
    },
    "hardware": {
      "cpu": "AMD64 Family 26 Model 68 Stepping 0, AuthenticAMD",
      "gpu": {
        "driver": "596.36",
        "name": "NVIDIA GeForce RTX 5090",
        "vram_gb": 31.8,
        "vram_mb": 32607
      },
      "os": "Windows-11-10.0.26200-SP0",
      "ram_gb": null
    },
    "lane": "capped-thinking",
    "model": {
      "family": "Qwen3.6",
      "file_name": null,
      "file_sha256": "UNHASHED",
      "file_size_bytes": null,
      "format": null,
      "runtime_reported_model": "qwen36-27b-q2"
    },
    "quant": "Q2_K",
    "runtime": {
      "ctx_len_configured": null,
      "kv_cache_quant": "unknown",
      "name": null,
      "parallel_slots": null,
      "version": null
    },
    "sampling": {
      "by_bench": {
        "instruction": {
          "max_tokens": 16384,
          "temperature": 0
        },
        "knowledge": {
          "max_tokens": 16384,
          "temperature": 0
        }
      },
      "min_p": null,
      "seed": null,
      "temperature": 0,
      "thinking_mode": "n/a",
      "top_k": null,
      "top_p": null
    },
    "thinking_mode": "n/a"
  },
  "model_label": "Qwen3.6-27B",
  "origin": "community",
  "ranked": false,
  "run_id": "qwen3-6-27b__ladder-qwen36-27b-Q2_K",
  "score_status": "measured",
  "scorecard": {
    "current_id": "40b8c7499193758095cddd0cf6cd2dae172bbbdd11d7ee4c038d06fa01b7b745",
    "current_registry_digest": "16c189f04e7317756155e578254ecb5ae2d63c7c687528206851fdbe7fce4227",
    "drift": true,
    "execution_profile_id": null,
    "id": "59c8f3cd3e8d8dc4b5c778e701d22911fc18fdde4bf5d919ecd8beb5f9142a0f",
    "registry_digest": "d40e0ccec4d2d144dae386c3a7cc1fef7c638865accbcda4ded93d592528efed",
    "registry_drift": true,
    "version": "scorecard-v1.2"
  },
  "suite_version": "suite-v1",
  "tier": "standard",
  "tokens_to_answer_median": 1827.5,
  "tokens_to_answer_p95": 8933.45,
  "totals": {
    "completion_tokens": 2387915,
    "completion_tokens_per_second": 183.2435616503734,
    "n_errors": 0,
    "n_items": 694,
    "prompt_tokens": 1977307,
    "total_tokens": 4365222,
    "wall_time_seconds": 13031.371899200007
  },
  "trust_label": "community_re_scored",
  "worst_axis": {
    "bench": "agentic",
    "point": 13.541666666666666,
    "point_raw": 0.13541666666666666
  }
}
