{
  "agentic_provenance": "project_attested",
  "axes": {
    "coding": {
      "conditional_accuracy": 0.2702702702702703,
      "hi": 34.45945945945946,
      "hi_raw": 0.34459459459459457,
      "lo": 20.27027027027027,
      "lo_raw": 0.20270270270270271,
      "n": 148,
      "n_errors": 0,
      "n_no_answer": 0,
      "point": 27.027027027027028,
      "point_raw": 0.2702702702702703,
      "raw_accuracy": 0.2702702702702703,
      "termination_rate": 1.0
    },
    "instruction": {
      "conditional_accuracy": 0.5971731448763251,
      "hi": 63.26530612244898,
      "hi_raw": 0.6326530612244898,
      "lo": 51.70068027210885,
      "lo_raw": 0.5170068027210885,
      "n": 294,
      "n_errors": 0,
      "n_no_answer": 0,
      "point": 57.48299319727891,
      "point_raw": 0.5748299319727891,
      "raw_accuracy": 0.5748299319727891,
      "termination_rate": 0.9625850340136054
    },
    "knowledge": {
      "conditional_accuracy": 0.8571428571428571,
      "hi": 85.96794454888055,
      "hi_raw": 0.8596794454888055,
      "lo": 77.82935238723128,
      "lo_raw": 0.7782935238723128,
      "n": 400,
      "n_errors": 0,
      "n_no_answer": 5,
      "point": 82.0389690225671,
      "point_raw": 0.820389690225671,
      "raw_accuracy": 0.84,
      "termination_rate": 0.98
    },
    "math": {
      "conditional_accuracy": 0.23701610140459062,
      "hi": 29.496402877697843,
      "hi_raw": 0.2949640287769784,
      "lo": 15.827338129496402,
      "lo_raw": 0.15827338129496402,
      "n": 139,
      "n_errors": 0,
      "n_no_answer": 6,
      "point": 22.302158273381295,
      "point_raw": 0.22302158273381295,
      "raw_accuracy": 0.22302158273381295,
      "termination_rate": 0.9424460431654677
    },
    "tool_use": {
      "conditional_accuracy": 0.1095890410958904,
      "hi": 17.591745442870902,
      "hi_raw": 0.175917454428709,
      "lo": 6.788355416423997,
      "lo_raw": 0.06788355416423997,
      "n": 146,
      "n_errors": 0,
      "n_no_answer": 2,
      "point": 11.911764705882351,
      "point_raw": 0.11911764705882352,
      "raw_accuracy": 0.1095890410958904,
      "termination_rate": 1.0
    }
  },
  "axis_status": {
    "bfcl_multi_turn_long_context": {
      "axis": "bfcl_multi_turn_long_context",
      "reason": "not_run",
      "status": "not_measured"
    },
    "bfcl_single_turn": {
      "axis": "bfcl_single_turn",
      "reason": "not_run",
      "status": "not_measured"
    },
    "call_formatting": {
      "axis": "call_formatting",
      "reason": "not_run",
      "status": "not_measured"
    },
    "coding": {
      "axis": "coding",
      "reason": "ok",
      "status": "measured"
    },
    "instruction_following": {
      "axis": "instruction_following",
      "reason": "ok",
      "status": "measured"
    },
    "knowledge": {
      "axis": "knowledge",
      "reason": "ok",
      "status": "measured"
    },
    "long_context": {
      "axis": "long_context",
      "reason": "not_run",
      "status": "not_measured"
    },
    "math": {
      "axis": "math",
      "reason": "ok",
      "status": "measured"
    },
    "tool_use": {
      "axis": "tool_use",
      "reason": "ok",
      "status": "measured"
    }
  },
  "composite": {
    "hi": 44.85608415283716,
    "hi_raw": 0.4485608415283716,
    "lo": 39.440871606595834,
    "lo_raw": 0.39440871606595834,
    "point": 42.12412562752062,
    "point_raw": 0.4212412562752062
  },
  "composite_full": {
    "hi": 44.85608415283716,
    "hi_raw": 0.4485608415283716,
    "lo": 39.440871606595834,
    "lo_raw": 0.39440871606595834,
    "point": 42.12412562752062,
    "point_raw": 0.4212412562752062
  },
  "composite_static": {
    "hi": 55.26431126677264,
    "hi_raw": 0.5526431126677264,
    "lo": 49.196607455783656,
    "lo_raw": 0.4919660745578366,
    "point": 52.19491260140005,
    "point_raw": 0.5219491260140005
  },
  "conformance": {
    "n_scored": 1457,
    "per_bench": {
      "amo": {
        "ambiguous_or_contaminated_final_rate": 0.0,
        "budget_cap_hit_rate": 0.10256410256410256,
        "empty_final_rate": 0.0,
        "forced": false,
        "leaked_reasoning_rate": 0.0,
        "measurement_truncation_rate": 0.0,
        "n_scored": 39,
        "no_final_answer_rate": 0.0,
        "reasons": [
          "budget_cap_hit_rate=10% - visible scored cap hits, not exclusions"
        ],
        "status": "headline-comparable",
        "truncation_rate": 0.10256410256410256
      },
      "appworld_c": {
        "ambiguous_or_contaminated_final_rate": 0.0,
        "budget_cap_hit_rate": 0.0,
        "empty_final_rate": 1.0,
        "forced": false,
        "leaked_reasoning_rate": 0.0,
        "measurement_truncation_rate": 0.0,
        "n_scored": 96,
        "no_final_answer_rate": 1.0,
        "reasons": [
          "empty_final_rate=100% - scored as zero, not an automatic exclusion"
        ],
        "status": "headline-comparable",
        "truncation_rate": 0.0
      },
      "bfcl_multi_turn_base": {
        "ambiguous_or_contaminated_final_rate": 0.0,
        "budget_cap_hit_rate": 0.0,
        "empty_final_rate": 0.0,
        "forced": false,
        "leaked_reasoning_rate": 0.0,
        "measurement_truncation_rate": 0.0,
        "n_scored": 50,
        "no_final_answer_rate": 0.0,
        "reasons": [],
        "status": "headline-comparable",
        "truncation_rate": 0.0
      },
      "bigcodebench_hard": {
        "ambiguous_or_contaminated_final_rate": 0.0,
        "budget_cap_hit_rate": 0.0,
        "empty_final_rate": 0.0,
        "forced": false,
        "leaked_reasoning_rate": 0.0,
        "measurement_truncation_rate": 0.0,
        "n_scored": 148,
        "no_final_answer_rate": 0.0,
        "reasons": [],
        "status": "headline-comparable",
        "truncation_rate": 0.0
      },
      "ifbench": {
        "ambiguous_or_contaminated_final_rate": 0.0,
        "budget_cap_hit_rate": 0.03741496598639456,
        "empty_final_rate": 0.0,
        "forced": false,
        "leaked_reasoning_rate": 0.0,
        "measurement_truncation_rate": 0.0,
        "n_scored": 294,
        "no_final_answer_rate": 0.0,
        "reasons": [
          "budget_cap_hit_rate=4% - visible scored cap hits, not exclusions"
        ],
        "status": "headline-comparable",
        "truncation_rate": 0.03741496598639456
      },
      "mmlu_pro": {
        "ambiguous_or_contaminated_final_rate": 0.0,
        "budget_cap_hit_rate": 0.02,
        "empty_final_rate": 0.0,
        "forced": false,
        "leaked_reasoning_rate": 0.0,
        "measurement_truncation_rate": 0.0,
        "n_scored": 400,
        "no_final_answer_rate": 0.0,
        "reasons": [
          "budget_cap_hit_rate=2% - visible scored cap hits, not exclusions"
        ],
        "status": "headline-comparable",
        "truncation_rate": 0.02
      },
      "olymmath_hard": {
        "ambiguous_or_contaminated_final_rate": 0.0,
        "budget_cap_hit_rate": 0.04,
        "empty_final_rate": 0.0,
        "forced": false,
        "leaked_reasoning_rate": 0.0,
        "measurement_truncation_rate": 0.0,
        "n_scored": 100,
        "no_final_answer_rate": 0.0,
        "reasons": [
          "budget_cap_hit_rate=4% - visible scored cap hits, not exclusions"
        ],
        "status": "headline-comparable",
        "truncation_rate": 0.04
      },
      "tc_json_v1": {
        "ambiguous_or_contaminated_final_rate": 0.0,
        "budget_cap_hit_rate": 0.0,
        "empty_final_rate": 0.0,
        "forced": false,
        "leaked_reasoning_rate": 0.0,
        "measurement_truncation_rate": 0.0,
        "n_scored": 330,
        "no_final_answer_rate": 0.0,
        "reasons": [],
        "status": "headline-comparable",
        "truncation_rate": 0.0
      }
    },
    "reasons": [],
    "status": "headline-comparable",
    "worst_bench": null
  },
  "contamination_label": "unverified",