{
  "agentic_provenance": "project_attested",
  "axes": {
    "coding": {
      "ambiguous_or_contaminated_final_rate": 0.0,
      "budget_cap_hit_rate": 0.0,
      "conditional_accuracy": 0.2702702702702703,
      "empty_final_rate": 0.0,
      "hi": 36.17021276595745,
      "hi_raw": 0.3617021276595745,
      "leaked_reasoning_rate": 0.0,
      "lo": 21.27659574468085,
      "lo_raw": 0.2127659574468085,
      "measurement_truncation_rate": 0.0,
      "n": 141,
      "n_errors": 0,
      "n_no_answer": 0,
      "no_final_answer_rate": 0.0,
      "point": 28.368794326241137,
      "point_raw": 0.28368794326241137,
      "raw_accuracy": 0.28368794326241137,
      "termination_rate": 1.0,
      "truncation_rate": 0.0
    },
    "instruction": {
      "ambiguous_or_contaminated_final_rate": 0.0,
      "budget_cap_hit_rate": 0.03741496598639456,
      "conditional_accuracy": 0.5971731448763251,
      "empty_final_rate": 0.0,
      "hi": 63.26530612244898,
      "hi_raw": 0.6326530612244898,
      "leaked_reasoning_rate": 0.0,
      "lo": 51.70068027210885,
      "lo_raw": 0.5170068027210885,
      "measurement_truncation_rate": 0.0,
      "n": 294,
      "n_errors": 0,
      "n_no_answer": 0,
      "no_final_answer_rate": 0.0,
      "point": 57.48299319727891,
      "point_raw": 0.5748299319727891,
      "raw_accuracy": 0.5748299319727891,
      "termination_rate": 0.9625850340136054,
      "truncation_rate": 0.03741496598639456
    },
    "knowledge": {
      "ambiguous_or_contaminated_final_rate": 0.0,
      "budget_cap_hit_rate": 0.02,
      "conditional_accuracy": 0.8571428571428571,
      "empty_final_rate": 0.0,
      "hi": 85.96794454888055,
      "hi_raw": 0.8596794454888055,
      "leaked_reasoning_rate": 0.0,
      "lo": 77.82935238723128,
      "lo_raw": 0.7782935238723128,
      "measurement_truncation_rate": 0.0,
      "n": 400,
      "n_errors": 0,
      "n_no_answer": 5,
      "no_final_answer_rate": 0.0,
      "point": 82.0389690225671,
      "point_raw": 0.820389690225671,
      "raw_accuracy": 0.84,
      "termination_rate": 0.98,
      "truncation_rate": 0.02
    },
    "math": {
      "ambiguous_or_contaminated_final_rate": 0.0,
      "budget_cap_hit_rate": 0.07128205128205128,
      "conditional_accuracy": 0.23701610140459062,
      "empty_final_rate": 0.0,
      "hi": 29.496402877697843,
      "hi_raw": 0.2949640287769784,
      "leaked_reasoning_rate": 0.0,
      "lo": 15.827338129496402,
      "lo_raw": 0.15827338129496402,
      "measurement_truncation_rate": 0.0,
      "n": 139,
      "n_errors": 0,
      "n_no_answer": 6,
      "no_final_answer_rate": 0.0,
      "point": 22.302158273381295,
      "point_raw": 0.22302158273381295,
      "raw_accuracy": 0.22302158273381295,
      "termination_rate": 0.9424460431654677,
      "truncation_rate": 0.07128205128205128
    },
    "tool_use": {
      "ambiguous_or_contaminated_final_rate": 0.0,
      "budget_cap_hit_rate": 0.0,
      "conditional_accuracy": 0.0625,
      "empty_final_rate": 1.0,
      "facets": {
        "agentic": {
          "bench": "appworld_c",
          "hi": 11.627906976744185,
          "hi_raw": 0.11627906976744186,
          "lo": 2.0202020202020203,
          "lo_raw": 0.020202020202020204,
          "n": 96,
          "point": 6.25,
          "point_raw": 0.0625,
          "raw_accuracy": 0.0625,
          "weight": 1.0
        }
      },
      "hi": 11.627906976744185,
      "hi_raw": 0.11627906976744186,
      "leaked_reasoning_rate": 0.0,
      "lo": 2.0202020202020203,
      "lo_raw": 0.020202020202020204,
      "measurement_truncation_rate": 0.0,
      "n": 96,
      "n_errors": 0,
      "n_no_answer": 0,
      "no_final_answer_rate": 1.0,
      "point": 6.25,
      "point_raw": 0.0625,
      "raw_accuracy": 0.0625,
      "termination_rate": 1.0,
      "truncation_rate": 0.0
    }
  },
  "axis_status": {
    "bfcl_multi_turn_long_context": {
      "axis": "bfcl_multi_turn_long_context",
      "reason": "not_run",
      "status": "not_measured"
    },
    "bfcl_single_turn": {
      "axis": "bfcl_single_turn",
      "reason": "not_run",
      "status": "not_measured"
    },
    "call_formatting": {
      "axis": "call_formatting",
      "reason": "not_run",
      "status": "not_measured"
    },
    "coding": {
      "axis": "coding",
      "reason": "ok",
      "status": "measured"
    },
    "instruction_following": {
      "axis": "instruction_following",
      "reason": "ok",
      "status": "measured"
    },
    "knowledge": {
      "axis": "knowledge",
      "reason": "ok",
      "status": "measured"
    },
    "long_context": {
      "axis": "long_context",
      "reason": "not_run",
      "status": "not_measured"
    },
    "math": {
      "axis": "math",
      "reason": "ok",
      "status": "measured"
    },
    "tool_use": {
      "axis": "tool_use",
      "reason": "ok",
      "status": "measured"
    }
  },
  "composite": {
    "hi": 43.69308871563888,
    "hi_raw": 0.4369308871563888,
    "lo": 38.43967066337794,
    "lo_raw": 0.3843967066337794,
    "point": 41.0105820933732,
    "point_raw": 0.41010582093373205
  },
  "composite_full": {
    "hi": 43.69308871563888,
    "hi_raw": 0.4369308871563888,
    "lo": 38.43967066337794,
    "lo_raw": 0.3843967066337794,
    "point": 41.0105820933732,
    "point_raw": 0.41010582093373205
  },
  "composite_static": {
    "hi": 55.74461905252572,
    "hi_raw": 0.5574461905252572,
    "lo": 49.5257408149763,
    "lo_raw": 0.49525740814976305,
    "point": 52.59744279116427,
    "point_raw": 0.5259744279116427
  },
  "conformance": {
    "n_scored": 1457,
    "per_bench": {
      "amo": {
        "ambiguous_or_contaminated_final_rate": 0.0,
        "budget_cap_hit_rate": 0.10256410256410256,
        "empty_final_rate": 0.0,
        "forced": false,
        "leaked_reasoning_rate": 0.0,
        "measurement_truncation_rate": 0.0,
        "n_scored": 39,
        "no_final_answer_rate": 0.0,
        "reasons": [
          "budget_cap_hit_rate=10% - visible scored cap hits, not exclusions"
        ],
        "status": "headline-comparable",
        "truncation_rate": 0.10256410256410256
      },
      "appworld_c": {
        "ambiguous_or_contaminated_final_rate": 0.0,
        "budget_cap_hit_rate": 0.0,
        "empty_final_rate": 1.0,
        "forced": false,
        "leaked_reasoning_rate": 0.0,
        "measurement_truncation_rate": 0.0,
        "n_scored": 96,
        "no_final_answer_rate": 1.0,
        "reasons": [
          "empty_final_rate=100% - scored as zero, not an automatic exclusion"
        ],
        "status": "headline-comparable",
        "truncation_rate": 0.0
      },
      "bfcl_multi_turn_base": {
        "ambiguous_or_contaminated_final_rate": 0.0,
        "budget_cap_hit_rate": 0.0,
        "empty_final_rate": 0.0,
        "forced": false,
        "leaked_reasoning_rate": 0.0,
        "measurement_truncation_rate": 0.0,
        "n_scored": 50,
        "no_final_answer_rate": 0.0,
        "reasons": [],
        "status": "headline-comparable",
        "truncation_rate": 0.0
      },
      "bigcodebench_hard": {
        "ambiguous_or_contaminated_final_rate": 0.0,
        "budget_cap_hit_rate": 0.0,
        "empty_final_rate": 0.0,
        "forced": false,
        "leaked_reasoning_rate": 0.0,
        "measurement_truncation_rate": 0.0,
        "n_scored": 148,
        "no_final_answer_rate": 0.0,
        "reasons": [],
        "status": "headline-comparable",
        "truncation_rate": 0.0
      },
      "ifbench": {
        "ambiguous_or_contaminated_final_rate": 0.0,
        "budget_cap_hit_rate": 0.03741496598639456,
        "empty_final_rate": 0.0,
        "forced": false,
        "leaked_reasoning_rate": 0.0,
        "measurement_truncation_rate": 0.0,
        "n_scored": 294,
        "no_final_answer_rate": 0.0,
        "reasons": [
          "budget_cap_hit_rate=4% - visible scored cap hits, not exclusions"
        ],
        "status": "headline-comparable",