{
  "agentic_provenance": "project_attested",
  "axes": {
    "coding": {
      "conditional_accuracy": 0.28378378378378377,
      "hi": 35.810810810810814,
      "hi_raw": 0.3581081081081081,
      "lo": 20.945945945945947,
      "lo_raw": 0.20945945945945946,
      "n": 148,
      "n_errors": 0,
      "n_no_answer": 0,
      "point": 28.37837837837838,
      "point_raw": 0.28378378378378377,
      "raw_accuracy": 0.28378378378378377,
      "termination_rate": 1.0
    },
    "instruction": {
      "conditional_accuracy": 0.6159420289855072,
      "hi": 63.26530612244898,
      "hi_raw": 0.6326530612244898,
      "lo": 52.04081632653062,
      "lo_raw": 0.5204081632653061,
      "n": 294,
      "n_errors": 0,
      "n_no_answer": 0,
      "point": 57.82312925170068,
      "point_raw": 0.5782312925170068,
      "raw_accuracy": 0.5782312925170068,
      "termination_rate": 0.9387755102040817
    },
    "knowledge": {
      "conditional_accuracy": 0.8505154639175259,
      "hi": 84.28409789474622,
      "hi_raw": 0.8428409789474622,
      "lo": 76.14550573309694,
      "lo_raw": 0.7614550573309694,
      "n": 400,
      "n_errors": 0,
      "n_no_answer": 12,
      "point": 80.35512236843277,
      "point_raw": 0.8035512236843277,
      "raw_accuracy": 0.825,
      "termination_rate": 0.97
    },
    "math": {
      "conditional_accuracy": 0.3543609556799005,
      "hi": 33.093525179856115,
      "hi_raw": 0.33093525179856115,
      "lo": 18.705035971223023,
      "lo_raw": 0.18705035971223022,
      "n": 139,
      "n_errors": 0,
      "n_no_answer": 37,
      "point": 25.899280575539567,
      "point_raw": 0.2589928057553957,
      "raw_accuracy": 0.2589928057553957,
      "termination_rate": 0.697841726618705
    },
    "tool_use": {
      "conditional_accuracy": 0.14383561643835616,
      "hi": 22.224610555684727,
      "hi_raw": 0.22224610555684726,
      "lo": 9.403274711946635,
      "lo_raw": 0.09403274711946635,
      "n": 146,
      "n_errors": 0,
      "n_no_answer": 0,
      "point": 15.397058823529411,
      "point_raw": 0.1539705882352941,
      "raw_accuracy": 0.14383561643835616,
      "termination_rate": 1.0
    }
  },
  "axis_status": {
    "bfcl_multi_turn_long_context": {
      "axis": "bfcl_multi_turn_long_context",
      "reason": "not_run",
      "status": "not_measured"
    },
    "bfcl_single_turn": {
      "axis": "bfcl_single_turn",
      "reason": "not_run",
      "status": "not_measured"
    },
    "call_formatting": {
      "axis": "call_formatting",
      "reason": "not_run",
      "status": "not_measured"
    },
    "coding": {
      "axis": "coding",
      "reason": "ok",
      "status": "measured"
    },
    "instruction_following": {
      "axis": "instruction_following",
      "reason": "ok",
      "status": "measured"
    },
    "knowledge": {
      "axis": "knowledge",
      "reason": "ok",
      "status": "measured"
    },
    "long_context": {
      "axis": "long_context",
      "reason": "not_run",
      "status": "not_measured"
    },
    "math": {
      "axis": "math",
      "reason": "ok",
      "status": "measured"
    },
    "tool_use": {
      "axis": "tool_use",
      "reason": "ok",
      "status": "measured"
    }
  },
  "composite": {
    "hi": 46.10909164556549,
    "hi_raw": 0.4610909164556549,
    "lo": 40.42161414657037,
    "lo_raw": 0.4042161414657037,
    "point": 43.26695249871298,
    "point_raw": 0.43266952498712985
  },
  "composite_full": {
    "hi": 46.10909164556549,
    "hi_raw": 0.4610909164556549,
    "lo": 40.42161414657037,
    "lo_raw": 0.4042161414657037,
    "point": 43.26695249871298,
    "point_raw": 0.43266952498712985
  },
  "composite_static": {
    "hi": 55.62104131542001,
    "hi_raw": 0.5562104131542001,
    "lo": 49.487356574038394,
    "lo_raw": 0.49487356574038394,
    "point": 52.5569170571075,
    "point_raw": 0.525569170571075
  },
  "conformance": {
    "n_scored": 1457,
    "per_bench": {
      "amo": {
        "ambiguous_or_contaminated_final_rate": 0.0,
        "budget_cap_hit_rate": 0.5897435897435898,
        "empty_final_rate": 0.0,
        "forced": false,
        "leaked_reasoning_rate": 0.0,
        "measurement_truncation_rate": 0.0,
        "n_scored": 39,
        "no_final_answer_rate": 0.0,
        "reasons": [
          "budget_cap_hit_rate=59% - visible scored cap hits, not exclusions"
        ],
        "status": "headline-comparable",
        "truncation_rate": 0.5897435897435898
      },
      "appworld_c": {
        "ambiguous_or_contaminated_final_rate": 0.0,
        "budget_cap_hit_rate": 0.0,
        "empty_final_rate": 1.0,
        "forced": false,
        "leaked_reasoning_rate": 0.0,
        "measurement_truncation_rate": 0.0,
        "n_scored": 96,
        "no_final_answer_rate": 1.0,
        "reasons": [
          "empty_final_rate=100% - scored as zero, not an automatic exclusion"
        ],
        "status": "headline-comparable",
        "truncation_rate": 0.0
      },
      "bfcl_multi_turn_base": {
        "ambiguous_or_contaminated_final_rate": 0.0,
        "budget_cap_hit_rate": 0.0,
        "empty_final_rate": 0.0,
        "forced": false,
        "leaked_reasoning_rate": 0.0,
        "measurement_truncation_rate": 0.0,
        "n_scored": 50,
        "no_final_answer_rate": 0.0,
        "reasons": [],
        "status": "headline-comparable",
        "truncation_rate": 0.0
      },
      "bigcodebench_hard": {
        "ambiguous_or_contaminated_final_rate": 0.0,
        "budget_cap_hit_rate": 0.0,
        "empty_final_rate": 0.0,
        "forced": false,
        "leaked_reasoning_rate": 0.0,
        "measurement_truncation_rate": 0.0,
        "n_scored": 148,
        "no_final_answer_rate": 0.0,
        "reasons": [],
        "status": "headline-comparable",
        "truncation_rate": 0.0
      },
      "ifbench": {
        "ambiguous_or_contaminated_final_rate": 0.0,
        "budget_cap_hit_rate": 0.061224489795918366,
        "empty_final_rate": 0.0,
        "forced": false,
        "leaked_reasoning_rate": 0.0,
        "measurement_truncation_rate": 0.0,
        "n_scored": 294,
        "no_final_answer_rate": 0.0,
        "reasons": [
          "budget_cap_hit_rate=6% - visible scored cap hits, not exclusions"
        ],
        "status": "headline-comparable",
        "truncation_rate": 0.061224489795918366
      },
      "mmlu_pro": {
        "ambiguous_or_contaminated_final_rate": 0.0,
        "budget_cap_hit_rate": 0.03,
        "empty_final_rate": 0.0,
        "forced": false,
        "leaked_reasoning_rate": 0.0,
        "measurement_truncation_rate": 0.0,
        "n_scored": 400,
        "no_final_answer_rate": 0.0,
        "reasons": [
          "budget_cap_hit_rate=3% - visible scored cap hits, not exclusions"
        ],
        "status": "headline-comparable",
        "truncation_rate": 0.03
      },
      "olymmath_hard": {
        "ambiguous_or_contaminated_final_rate": 0.0,
        "budget_cap_hit_rate": 0.19,
        "empty_final_rate": 0.0,
        "forced": false,
        "leaked_reasoning_rate": 0.0,
        "measurement_truncation_rate": 0.0,
        "n_scored": 100,
        "no_final_answer_rate": 0.0,
        "reasons": [
          "budget_cap_hit_rate=19% - visible scored cap hits, not exclusions"
        ],
        "status": "headline-comparable",
        "truncation_rate": 0.19
      },
      "tc_json_v1": {
        "ambiguous_or_contaminated_final_rate": 0.0,
        "budget_cap_hit_rate": 0.0,
        "empty_final_rate": 0.0,
        "forced": false,
        "leaked_reasoning_rate": 0.0,
        "measurement_truncation_rate": 0.0,
        "n_scored": 330,
        "no_final_answer_rate": 0.0,
        "reasons": [],
        "status": "headline-comparable",
        "truncation_rate": 0.0
      }
    },
    "reasons": [],
    "status": "headline-comparable",
    "worst_bench": null
  },
  "contamination_label": "unverified",