{
  "agentic_provenance": "project_attested",
  "axes": {
    "agentic": {
      "conditional_accuracy": 0.09375,
      "hi": 15.625,
      "hi_raw": 0.15625,
      "lo": 4.166666666666666,
      "lo_raw": 0.041666666666666664,
      "n": 96,
      "n_errors": 0,
      "n_no_answer": 0,
      "point": 9.375,
      "point_raw": 0.09375,
      "raw_accuracy": 0.09375,
      "termination_rate": 1.0
    },
    "coding": {
      "conditional_accuracy": 0.3,
      "hi": 37.5886524822695,
      "hi_raw": 0.375886524822695,
      "lo": 22.69503546099291,
      "lo_raw": 0.22695035460992907,
      "n": 141,
      "n_errors": 0,
      "n_no_answer": 0,
      "n_unscoreable": 7,
      "point": 29.78723404255319,
      "point_raw": 0.2978723404255319,
      "raw_accuracy": 0.2978723404255319,
      "termination_rate": 0.9929078014184397
    },
    "instruction": {
      "conditional_accuracy": 0.6159420289855072,
      "hi": 63.26530612244898,
      "hi_raw": 0.6326530612244898,
      "lo": 52.04081632653062,
      "lo_raw": 0.5204081632653061,
      "n": 294,
      "n_errors": 0,
      "n_no_answer": 0,
      "point": 57.82312925170068,
      "point_raw": 0.5782312925170068,
      "raw_accuracy": 0.5782312925170068,
      "termination_rate": 0.9387755102040817
    },
    "knowledge": {
      "conditional_accuracy": 0.8505154639175259,
      "hi": 84.28409789474622,
      "hi_raw": 0.8428409789474622,
      "lo": 76.14550573309694,
      "lo_raw": 0.7614550573309694,
      "n": 400,
      "n_errors": 0,
      "n_no_answer": 12,
      "point": 80.35512236843277,
      "point_raw": 0.8035512236843277,
      "raw_accuracy": 0.825,
      "termination_rate": 0.97
    },
    "math": {
      "conditional_accuracy": 0.3543609556799005,
      "hi": 33.093525179856115,
      "hi_raw": 0.33093525179856115,
      "lo": 18.705035971223023,
      "lo_raw": 0.18705035971223022,
      "n": 139,
      "n_errors": 0,
      "n_no_answer": 37,
      "point": 25.899280575539567,
      "point_raw": 0.2589928057553957,
      "raw_accuracy": 0.2589928057553957,
      "termination_rate": 0.697841726618705
    },
    "tool_calling": {
      "conditional_accuracy": 0.7393939393939394,
      "hi": 78.48484848484848,
      "hi_raw": 0.7848484848484848,
      "lo": 69.0909090909091,
      "lo_raw": 0.6909090909090909,
      "n": 330,
      "n_errors": 0,
      "n_no_answer": 1,
      "point": 73.93939393939394,
      "point_raw": 0.7393939393939394,
      "raw_accuracy": 0.7393939393939394,
      "termination_rate": 1.0
    }
  },
  "axis_status": {
    "agentic": {
      "axis": "agentic",
      "reason": "ok",
      "status": "measured"
    },
    "coding": {
      "axis": "coding",
      "detail": "BigCodeBench-Hard artifacts generated; verifier verdict pending",
      "reason": "verdict_pending",
      "status": "generated_unverified"
    },
    "instruction_following": {
      "axis": "instruction_following",
      "reason": "ok",
      "status": "measured"
    },
    "knowledge": {
      "axis": "knowledge",
      "reason": "ok",
      "status": "measured"
    },
    "long_context": {
      "axis": "long_context",
      "reason": "not_run",
      "status": "not_measured"
    },
    "math": {
      "axis": "math",
      "reason": "ok",
      "status": "measured"
    },
    "tool_calling": {
      "axis": "tool_calling",
      "reason": "ok",
      "status": "measured"
    }
  },
  "composite": {
    "hi": 41.12525207486963,
    "hi_raw": 0.4112525207486963,
    "lo": 34.5812850455642,
    "lo_raw": 0.345812850455642,
    "point": 37.63372627211937,
    "point_raw": 0.37633726272119367
  },
  "composite_full": {
    "hi": 41.12525207486963,
    "hi_raw": 0.4112525207486963,
    "lo": 34.5812850455642,
    "lo_raw": 0.345812850455642,
    "point": 37.63372627211937,
    "point_raw": 0.37633726272119367
  },
  "composite_static": {
    "hi": 60.46794452321442,
    "hi_raw": 0.6046794452321442,
    "lo": 55.32769198284592,
    "lo_raw": 0.5532769198284592,
    "point": 57.87981655897675,
    "point_raw": 0.5787981655897675
  },
  "conformance": {
    "n_scored": 1311,
    "per_bench": {
      "amo": {
        "ambiguous_or_contaminated_final_rate": 0.0,
        "budget_cap_hit_rate": 0.5897435897435898,
        "empty_final_rate": 0.0,
        "forced": false,
        "leaked_reasoning_rate": 0.0,
        "measurement_truncation_rate": 0.0,
        "n_scored": 39,
        "no_final_answer_rate": 0.0,
        "reasons": [
          "budget_cap_hit_rate=59% - visible scored cap hits, not exclusions"
        ],
        "status": "headline-comparable",
        "truncation_rate": 0.5897435897435898
      },
      "bigcodebench_hard": {
        "ambiguous_or_contaminated_final_rate": 0.0,
        "budget_cap_hit_rate": 0.0,
        "empty_final_rate": 0.0,
        "forced": false,
        "leaked_reasoning_rate": 0.0,
        "measurement_truncation_rate": 0.0,
        "n_scored": 148,
        "no_final_answer_rate": 0.0,
        "reasons": [],
        "status": "headline-comparable",
        "truncation_rate": 0.0
      },
      "ifbench": {
        "ambiguous_or_contaminated_final_rate": 0.0,
        "budget_cap_hit_rate": 0.061224489795918366,
        "empty_final_rate": 0.0,
        "forced": false,
        "leaked_reasoning_rate": 0.0,
        "measurement_truncation_rate": 0.0,
        "n_scored": 294,
        "no_final_answer_rate": 0.0,
        "reasons": [
          "budget_cap_hit_rate=6% - visible scored cap hits, not exclusions"
        ],
        "status": "headline-comparable",
        "truncation_rate": 0.061224489795918366
      },
      "mmlu_pro": {
        "ambiguous_or_contaminated_final_rate": 0.0,
        "budget_cap_hit_rate": 0.03,
        "empty_final_rate": 0.0,
        "forced": false,
        "leaked_reasoning_rate": 0.0,
        "measurement_truncation_rate": 0.0,
        "n_scored": 400,
        "no_final_answer_rate": 0.0,
        "reasons": [
          "budget_cap_hit_rate=3% - visible scored cap hits, not exclusions"
        ],
        "status": "headline-comparable",
        "truncation_rate": 0.03
      },
      "olymmath_hard": {
        "ambiguous_or_contaminated_final_rate": 0.0,
        "budget_cap_hit_rate": 0.19,
        "empty_final_rate": 0.0,
        "forced": false,
        "leaked_reasoning_rate": 0.0,
        "measurement_truncation_rate": 0.0,
        "n_scored": 100,
        "no_final_answer_rate": 0.0,
        "reasons": [
          "budget_cap_hit_rate=19% - visible scored cap hits, not exclusions"
        ],
        "status": "headline-comparable",
        "truncation_rate": 0.19
      },
      "tc_json_v1": {
        "ambiguous_or_contaminated_final_rate": 0.0,
        "budget_cap_hit_rate": 0.0,
        "empty_final_rate": 0.0,
        "forced": false,
        "leaked_reasoning_rate": 0.0,
        "measurement_truncation_rate": 0.0,
        "n_scored": 330,
        "no_final_answer_rate": 0.0,
        "reasons": [],
        "status": "headline-comparable",
        "truncation_rate": 0.0
      }
    },
    "reasons": [],
    "status": "headline-comparable",
    "worst_bench": null
  },
  "conformance_gates": {
    "tc_json_v1": {
      "band": "amber",
      "band_reasons": [],
      "id": "tc_json_v1",
      "invalid_json_rate": 0.30303030303030304,
      "label": "Tool-calling",
      "n_items": 330,
      "pass_rate": {
        "hi": 78.38075522205723,
        "lo": 68.94709931049248,
        "point": 73.93939393939394
      },
      "threshold_version": "tc_json_v1"
    }
  },
  "contamination_label": "unverified",
  "data_warnings": [],
  "est_cost_usd": null,
  "has_code_artifacts": true,
  "index_version": "index-v3.0",
  "item_set_hashes": {
    "coding.jsonl": "33635febb89ab6cb8f06e139bc33932ada89d90e32ce03820ad7f15712e19b8e",
    "instruction.jsonl": "40dc0b3e14270d61e9deae13f30f70f04d1d65a304340a7b6fe29cf4a5c51257",
    "knowledge.jsonl": "129b8d9726eab3676ca30d58fac23af4e07407eb537b9bfa10d4d24434b26ba4",