{
  "generated_note": "Generated by web/build_data.py from web/data_sources.json; rerun after curation changes.",
  "models": [
    {
      "axes": {
        "genmath": {
          "hi": 100.0,
          "hi_raw": 1.0,
          "lo": 87.5,
          "lo_raw": 0.875,
          "n": 40,
          "n_errors": 0,
          "n_no_answer": 0,
          "point": 95.0,
          "point_raw": 0.95,
          "raw_accuracy": 0.95
        },
        "ifeval": {
          "hi": 98.0,
          "hi_raw": 0.98,
          "lo": 89.0,
          "lo_raw": 0.89,
          "n": 100,
          "n_errors": 0,
          "n_no_answer": 0,
          "point": 94.0,
          "point_raw": 0.94,
          "raw_accuracy": 0.94
        },
        "mmlu_pro": {
          "hi": 93.08035714285701,
          "hi_raw": 0.9308035714285701,
          "lo": 80.15873015873015,
          "lo_raw": 0.8015873015873015,
          "n": 112,
          "n_errors": 0,
          "n_no_answer": 0,
          "point": 87.10317460317461,
          "point_raw": 0.871031746031746,
          "raw_accuracy": 0.8839285714285714
        }
      },
      "best_run_id": "claude-opus-4-8__anchor-opus-quick",
      "composite": {
        "hi": 95.35185185185185,
        "hi_raw": 0.9535185185185184,
        "lo": 88.5396164021164,
        "lo_raw": 0.885396164021164,
        "point": 92.03439153439152,
        "point_raw": 0.9203439153439152
      },
      "est_cost_usd": 10.38168,
      "family": "Claude Opus 4.8",
      "kind": "anchor",
      "lane": "api-uncapped",
      "model_label": "Claude Opus 4.8",
      "n_runs": 1,
      "replicated": true,
      "slug": "claude-opus-4-8",
      "tier": "quick",
      "tokens_to_answer_median": 381.5,
      "tokens_to_answer_p95": 1414.2499999999995
    },
    {
      "axes": {
        "genmath": {
          "hi": 100.0,
          "hi_raw": 1.0,
          "lo": 100.0,
          "lo_raw": 1.0,
          "n": 40,
          "n_errors": 0,
          "n_no_answer": 0,
          "point": 100.0,
          "point_raw": 1.0,
          "raw_accuracy": 1.0
        },
        "ifeval": {
          "hi": 100.0,
          "hi_raw": 1.0,
          "lo": 95.0,
          "lo_raw": 0.95,
          "n": 100,
          "n_errors": 0,
          "n_no_answer": 0,
          "point": 98.0,
          "point_raw": 0.98,
          "raw_accuracy": 0.98
        },
        "mmlu_pro": {
          "hi": 92.06349206349206,
          "hi_raw": 0.9206349206349207,
          "lo": 78.17460317460318,
          "lo_raw": 0.7817460317460317,
          "n": 112,
          "n_errors": 0,
          "n_no_answer": 0,
          "point": 85.11904761904762,
          "point_raw": 0.8511904761904763,
          "raw_accuracy": 0.8660714285714286
        }
      },
      "best_run_id": "gemini-3-1-pro__anchor-gemini-quick",
      "composite": {
        "hi": 96.69312169312168,
        "hi_raw": 0.9669312169312169,
        "lo": 92.05284391534391,
        "lo_raw": 0.9205284391534392,
        "point": 94.37301587301587,
        "point_raw": 0.9437301587301588
      },
      "est_cost_usd": 0.93614875,
      "family": "Gemini 3.1 Pro",
      "kind": "anchor",
      "lane": "api-uncapped",
      "model_label": "Gemini 3.1 Pro",
      "n_runs": 1,
      "replicated": true,
      "slug": "gemini-3-1-pro",
      "tier": "quick",
      "tokens_to_answer_median": 261.0,
      "tokens_to_answer_p95": 985.7999999999988
    },
    {
      "axes": {
        "genmath": {
          "hi": 100.0,
          "hi_raw": 1.0,
          "lo": 92.5,
          "lo_raw": 0.925,
          "n": 40,
          "n_errors": 0,
          "n_no_answer": 0,
          "point": 97.5,
          "point_raw": 0.975,
          "raw_accuracy": 0.975
        },
        "ifeval": {
          "hi": 98.0,
          "hi_raw": 0.98,
          "lo": 89.0,
          "lo_raw": 0.89,
          "n": 100,
          "n_errors": 0,
          "n_no_answer": 0,
          "point": 94.0,
          "point_raw": 0.94,
          "raw_accuracy": 0.94
        },
        "mmlu_pro": {
          "hi": 93.08035714285701,
          "hi_raw": 0.9308035714285701,
          "lo": 80.15873015873015,
          "lo_raw": 0.8015873015873015,
          "n": 112,
          "n_errors": 0,
          "n_no_answer": 0,
          "point": 87.10317460317461,
          "point_raw": 0.871031746031746,
          "raw_accuracy": 0.8839285714285714
        }
      },
      "best_run_id": "gpt-5-5__anchor-gpt55-quick",
      "composite": {
        "hi": 95.69312169312168,
        "hi_raw": 0.9569312169312169,
        "lo": 89.70628306878307,
        "lo_raw": 0.8970628306878307,
        "point": 92.86772486772486,
        "point_raw": 0.9286772486772487
      },
      "est_cost_usd": 2.3250075,
      "family": "GPT-5.5",
      "kind": "anchor",
      "lane": "api-uncapped",
      "model_label": "GPT-5.5",
      "n_runs": 1,
      "replicated": true,
      "slug": "gpt-5-5",
      "tier": "quick",
      "tokens_to_answer_median": 365.5,
      "tokens_to_answer_p95": 3874.0499999999975
    },
    {
      "axes": {
        "genmath": {
          "hi": 100.0,
          "hi_raw": 1.0,
          "lo": 100.0,
          "lo_raw": 1.0,
          "n": 40,
          "n_errors": 0,
          "n_no_answer": 0,
          "point": 100.0,
          "point_raw": 1.0,
          "raw_accuracy": 1.0
        },
        "ifeval": {
          "hi": 90.0,
          "hi_raw": 0.9,
          "lo": 75.0,
          "lo_raw": 0.75,
          "n": 100,
          "n_errors": 0,
          "n_no_answer": 0,
          "point": 83.0,
          "point_raw": 0.83,
          "raw_accuracy": 0.83
        },
        "mmlu_pro": {
          "hi": 83.13492063492063,
          "hi_raw": 0.8313492063492063,
          "lo": 66.26984126984127,
          "lo_raw": 0.6626984126984127,
          "n": 112,
          "n_errors": 0,
          "n_no_answer": 6,
          "point": 75.1984126984127,
          "point_raw": 0.751984126984127,
          "raw_accuracy": 0.7767857142857143
        }
      },
      "best_run_id": "qwen3-5-9b__quick-9b-var3",
      "composite": {
        "hi": 89.72222222222221,
        "hi_raw": 0.8972222222222221,
        "lo": 82.41798941798942,
        "lo_raw": 0.8241798941798941,
        "point": 86.06613756613757,
        "point_raw": 0.8606613756613757
      },
      "est_cost_usd": null,
      "family": "Qwen3.5",
      "kind": "community",
      "lane": "answer-only",
      "model_label": "Qwen3.5 9B",
      "n_runs": 3,
      "replicated": true,
      "slug": "qwen3-5-9b",
      "tier": "quick",
      "tokens_to_answer_median": 465.5,
      "tokens_to_answer_p95": 2831.699999999998
    }
  ],
  "suite_version": "suite-v0"
}
