{
  "family": "Claude Sonnet 4.6",
  "kind": "anchor",
  "model_label": "Claude Sonnet 4.6",
  "runs": [
    {
      "axes": {
        "genmath": {
          "hi": 100.0,
          "hi_raw": 1.0,
          "lo": 100.0,
          "lo_raw": 1.0,
          "n": 40,
          "n_errors": 0,
          "n_no_answer": 0,
          "point": 100.0,
          "point_raw": 1.0,
          "raw_accuracy": 1.0
        },
        "ifeval": {
          "hi": 93.0,
          "hi_raw": 0.93,
          "lo": 87.0,
          "lo_raw": 0.87,
          "n": 100,
          "n_errors": 0,
          "n_no_answer": 0,
          "point": 90.0,
          "point_raw": 0.9,
          "raw_accuracy": 0.9
        },
        "mmlu_pro": {
          "hi": 90.07936507936508,
          "hi_raw": 0.9007936507936508,
          "lo": 77.18253968253967,
          "lo_raw": 0.7718253968253967,
          "n": 112,
          "n_errors": 0,
          "n_no_answer": 1,
          "point": 84.12698412698411,
          "point_raw": 0.8412698412698412,
          "raw_accuracy": 0.8571428571428571
        }
      },
      "composite": {
        "hi": 93.6931216931217,
        "hi_raw": 0.936931216931217,
        "lo": 89.05555555555556,
        "lo_raw": 0.8905555555555555,
        "point": 91.37566137566138,
        "point_raw": 0.9137566137566138
      },
      "est_cost_usd": 4.314849,
      "hardware": {
        "cpu": "AMD64 Family 26 Model 68 Stepping 0, AuthenticAMD",
        "gpu": {
          "driver": "596.36",
          "name": "NVIDIA GeForce RTX 5090",
          "vram_gb": 31.8,
          "vram_mb": 32607
        },
        "os": "Windows-11-10.0.26200-SP0",
        "ram_gb": null
      },
      "lane": "api-uncapped",
      "n_errors": 0,
      "n_items": 252,
      "quant_label": null,
      "run_id": "claude-sonnet-4-6__anchor-sonnet-quick",
      "runtime": {
        "ctx_len_configured": null,
        "kv_cache_quant": "unknown",
        "name": null,
        "parallel_slots": null,
        "version": null
      },
      "tier": "quick",
      "tok_s": 218.3790749277865,
      "tokens_to_answer_median": 516.5,
      "tokens_to_answer_p95": 4420.799999999999,
      "vram_footprint_gb": null,
      "wall_time_seconds": 1285.970279400004
    }
  ],
  "slug": "claude-sonnet-4-6"
}
