{
  "family": "Gemini 3.1 Pro",
  "kind": "anchor",
  "model_label": "Gemini 3.1 Pro",
  "runs": [
    {
      "axes": {
        "genmath": {
          "hi": 100.0,
          "hi_raw": 1.0,
          "lo": 100.0,
          "lo_raw": 1.0,
          "n": 40,
          "n_errors": 0,
          "n_no_answer": 0,
          "point": 100.0,
          "point_raw": 1.0,
          "raw_accuracy": 1.0
        },
        "ifeval": {
          "hi": 100.0,
          "hi_raw": 1.0,
          "lo": 95.0,
          "lo_raw": 0.95,
          "n": 100,
          "n_errors": 0,
          "n_no_answer": 0,
          "point": 98.0,
          "point_raw": 0.98,
          "raw_accuracy": 0.98
        },
        "mmlu_pro": {
          "hi": 92.06349206349206,
          "hi_raw": 0.9206349206349207,
          "lo": 78.17460317460318,
          "lo_raw": 0.7817460317460317,
          "n": 112,
          "n_errors": 0,
          "n_no_answer": 0,
          "point": 85.11904761904762,
          "point_raw": 0.8511904761904763,
          "raw_accuracy": 0.8660714285714286
        }
      },
      "composite": {
        "hi": 96.69312169312168,
        "hi_raw": 0.9669312169312169,
        "lo": 91.73015873015873,
        "lo_raw": 0.9173015873015873,
        "point": 94.37301587301587,
        "point_raw": 0.9437301587301588
      },
      "est_cost_usd": 0.93614875,
      "hardware": {
        "cpu": "AMD64 Family 26 Model 68 Stepping 0, AuthenticAMD",
        "gpu": {
          "driver": "596.36",
          "name": "NVIDIA GeForce RTX 5090",
          "vram_gb": 31.8,
          "vram_mb": 32607
        },
        "os": "Windows-11-10.0.26200-SP0",
        "ram_gb": null
      },
      "lane": "api-uncapped",
      "n_errors": 0,
      "n_items": 252,
      "quant_label": null,
      "run_id": "gemini-3-1-pro__anchor-gemini-quick",
      "runtime": {
        "ctx_len_configured": null,
        "kv_cache_quant": "unknown",
        "name": null,
        "parallel_slots": null,
        "version": null
      },
      "tier": "quick",
      "tok_s": 105.58560913099625,
      "tokens_to_answer_median": 261.0,
      "tokens_to_answer_p95": 985.7999999999988,
      "vram_footprint_gb": null,
      "wall_time_seconds": 849.7180698999437
    }
  ],
  "slug": "gemini-3-1-pro"
}
