{
  "family": "Gemma 4 Coder",
  "kind": "community",
  "model_label": "Gemma 4 12B Coder Fable5",
  "runs": [
    {
      "axes": {
        "instruction": {
          "conditional_accuracy": 0.3402777777777778,
          "hi": 38.775510204081634,
          "hi_raw": 0.3877551020408163,
          "lo": 27.89115646258503,
          "lo_raw": 0.2789115646258503,
          "n": 294,
          "n_errors": 6,
          "n_no_answer": 0,
          "point": 33.33333333333333,
          "point_raw": 0.3333333333333333,
          "raw_accuracy": 0.3333333333333333,
          "termination_rate": 0.9795918367346939
        },
        "knowledge": {
          "conditional_accuracy": 0.6766917293233082,
          "hi": 68.56819578949244,
          "hi_raw": 0.6856819578949244,
          "lo": 58.46511586468643,
          "lo_raw": 0.5846511586468643,
          "n": 400,
          "n_errors": 0,
          "n_no_answer": 4,
          "point": 63.516655827089444,
          "point_raw": 0.6351665582708944,
          "raw_accuracy": 0.675,
          "termination_rate": 0.9975
        },
        "tool_calling": {
          "conditional_accuracy": 0.6636363636363637,
          "hi": 71.21212121212122,
          "hi_raw": 0.7121212121212122,
          "lo": 61.212121212121204,
          "lo_raw": 0.6121212121212121,
          "n": 330,
          "n_errors": 0,
          "n_no_answer": 32,
          "point": 66.36363636363637,
          "point_raw": 0.6636363636363637,
          "raw_accuracy": 0.6636363636363637,
          "termination_rate": 1.0
        }
      },
      "composite": {
        "hi": 58.056920050620576,
        "hi_raw": 0.5805692005062058,
        "lo": 47.686632425757104,
        "lo_raw": 0.47686632425757103,
        "point": 52.909655026067625,
        "point_raw": 0.5290965502606763
      },
      "est_cost_usd": null,
      "file_gb": null,
      "hardware": {
        "cpu": "x86_64",
        "gpu": {
          "driver": "596.36",
          "name": "NVIDIA GeForce RTX 5090",
          "vram_gb": 31.8,
          "vram_mb": 32607
        },
        "os": "Linux-6.6.87.2-microsoft-standard-WSL2-x86_64-with-glibc2.39",
        "ram_gb": null
      },
      "lane": "capped-thinking",
      "latency_s_median": 2.578,
      "n_errors": 6,
      "n_items": 1120,
      "quant_label": "Q8_0",
      "ranked": false,
      "run_id": "gemma-4-12b-coder-fable5__gemma-4-12b-coder-fable5-Q8_0",
      "runtime": {
        "ctx_len_configured": null,
        "kv_cache_quant": "unknown",
        "name": null,
        "parallel_slots": null,
        "version": null
      },
      "score_status": "measured",
      "tier": "standard",
      "tok_s": 51.20805113757728,
      "tokens_to_answer_median": 132.0,
      "tokens_to_answer_p95": 583.0,
      "vram_footprint_gb": 12.669645344,
      "vram_required_gb_8k": null,
      "wall_time_seconds": 4437.270994546001
    }
  ],
  "slug": "gemma-4-12b-coder-fable5"
}
