{
  "family": "GPT-5.5",
  "kind": "anchor",
  "model_label": "GPT-5.5",
  "runs": [
    {
      "axes": {
        "genmath": {
          "hi": 100.0,
          "hi_raw": 1.0,
          "lo": 95.0,
          "lo_raw": 0.95,
          "n": 40,
          "n_errors": 0,
          "n_no_answer": 0,
          "point": 97.5,
          "point_raw": 0.975,
          "raw_accuracy": 0.975
        },
        "ifeval": {
          "hi": 94.0,
          "hi_raw": 0.94,
          "lo": 94.0,
          "lo_raw": 0.94,
          "n": 100,
          "n_errors": 0,
          "n_no_answer": 0,
          "point": 94.0,
          "point_raw": 0.94,
          "raw_accuracy": 0.94
        },
        "mmlu_pro": {
          "hi": 93.05555555555556,
          "hi_raw": 0.9305555555555556,
          "lo": 81.15079365079364,
          "lo_raw": 0.8115079365079365,
          "n": 112,
          "n_errors": 0,
          "n_no_answer": 0,
          "point": 87.10317460317461,
          "point_raw": 0.871031746031746,
          "raw_accuracy": 0.8839285714285714
        }
      },
      "composite": {
        "hi": 95.18253968253967,
        "hi_raw": 0.9518253968253967,
        "lo": 90.55291005291004,
        "lo_raw": 0.9055291005291004,
        "point": 92.86772486772486,
        "point_raw": 0.9286772486772487
      },
      "est_cost_usd": 2.3250075,
      "hardware": {
        "cpu": "AMD64 Family 26 Model 68 Stepping 0, AuthenticAMD",
        "gpu": {
          "driver": "596.36",
          "name": "NVIDIA GeForce RTX 5090",
          "vram_gb": 31.8,
          "vram_mb": 32607
        },
        "os": "Windows-11-10.0.26200-SP0",
        "ram_gb": null
      },
      "lane": "api-uncapped",
      "n_errors": 0,
      "n_items": 252,
      "quant_label": null,
      "run_id": "gpt-5-5__anchor-gpt55-quick",
      "runtime": {
        "ctx_len_configured": null,
        "kv_cache_quant": "unknown",
        "name": null,
        "parallel_slots": null,
        "version": null
      },
      "tier": "quick",
      "tok_s": 160.29559354342476,
      "tokens_to_answer_median": 365.5,
      "tokens_to_answer_p95": 3874.0499999999975,
      "vram_footprint_gb": null,
      "wall_time_seconds": 1426.3898024000227
    }
  ],
  "slug": "gpt-5-5"
}
