{
  "family": "Qwen3.6-27B",
  "kind": "community",
  "model_label": "Qwen3.6-27B",
  "runs": [
    {
      "axes": {
        "agentic": {
          "hi": 100.0,
          "hi_raw": 1.0,
          "lo": 93.75,
          "lo_raw": 0.9375,
          "n": 80,
          "n_errors": 0,
          "n_no_answer": 0,
          "point": 97.5,
          "point_raw": 0.975,
          "raw_accuracy": 0.975
        },
        "instruction": {
          "hi": 65.0,
          "hi_raw": 0.65,
          "lo": 42.5,
          "lo_raw": 0.425,
          "n": 80,
          "n_errors": 0,
          "n_no_answer": 0,
          "point": 53.75,
          "point_raw": 0.5375,
          "raw_accuracy": 0.5375
        },
        "knowledge": {
          "hi": 56.94444444444444,
          "hi_raw": 0.5694444444444444,
          "lo": 31.944444444444454,
          "lo_raw": 0.31944444444444453,
          "n": 80,
          "n_errors": 0,
          "n_no_answer": 11,
          "point": 44.44444444444445,
          "point_raw": 0.4444444444444445,
          "raw_accuracy": 0.5
        },
        "math": {
          "hi": 9.243697478991598,
          "hi_raw": 0.09243697478991597,
          "lo": 1.680672268907563,
          "lo_raw": 0.01680672268907563,
          "n": 119,
          "n_errors": 0,
          "n_no_answer": 0,
          "point": 5.042016806722689,
          "point_raw": 0.05042016806722689,
          "raw_accuracy": 0.05042016806722689
        }
      },
      "composite": {
        "hi": 57.797035480859016,
        "hi_raw": 0.5779703548085902,
        "lo": 42.468779178338,
        "lo_raw": 0.42468779178338006,
        "point": 50.18411531279179,
        "point_raw": 0.5018411531279179
      },
      "est_cost_usd": null,
      "hardware": {
        "cpu": "AMD64 Family 26 Model 68 Stepping 0, AuthenticAMD",
        "gpu": {
          "driver": "596.36",
          "name": "NVIDIA GeForce RTX 5090",
          "vram_gb": 31.8,
          "vram_mb": 32607
        },
        "os": "Windows-11-10.0.26200-SP0",
        "ram_gb": null
      },
      "lane": "answer-only",
      "n_errors": 0,
      "n_items": 359,
      "quant_label": "Q8_0",
      "run_id": "qwen3-6-27b__lcpp-q8_0",
      "runtime": {
        "ctx_len_configured": null,
        "kv_cache_quant": "unknown",
        "name": null,
        "parallel_slots": null,
        "version": null
      },
      "tier": "standard",
      "tok_s": 89.18414550945985,
      "tokens_to_answer_median": 747.0,
      "tokens_to_answer_p95": 2048.0,
      "vram_footprint_gb": 30.0,
      "wall_time_seconds": 4117.570425800048
    },
    {
      "axes": {
        "agentic": {
          "hi": 100.0,
          "hi_raw": 1.0,
          "lo": 93.75,
          "lo_raw": 0.9375,
          "n": 80,
          "n_errors": 0,
          "n_no_answer": 0,
          "point": 97.5,
          "point_raw": 0.975,
          "raw_accuracy": 0.975
        },
        "instruction": {
          "hi": 67.5,
          "hi_raw": 0.675,
          "lo": 45.0,
          "lo_raw": 0.45,
          "n": 80,
          "n_errors": 0,
          "n_no_answer": 0,
          "point": 56.25,
          "point_raw": 0.5625,
          "raw_accuracy": 0.5625
        },
        "knowledge": {
          "hi": 61.111111111111114,
          "hi_raw": 0.6111111111111112,
          "lo": 36.11111111111111,
          "lo_raw": 0.3611111111111111,
          "n": 80,
          "n_errors": 0,
          "n_no_answer": 15,
          "point": 48.61111111111111,
          "point_raw": 0.48611111111111105,
          "raw_accuracy": 0.5375
        },
        "math": {
          "hi": 13.445378151260504,
          "hi_raw": 0.13445378151260504,
          "lo": 4.201680672268908,
          "lo_raw": 0.04201680672268908,
          "n": 119,
          "n_errors": 0,
          "n_no_answer": 0,
          "point": 8.403361344537815,
          "point_raw": 0.08403361344537816,
          "raw_accuracy": 0.08403361344537816
        }
      },
      "composite": {
        "hi": 60.514122315592914,
        "hi_raw": 0.6051412231559291,
        "lo": 44.765697945845005,
        "lo_raw": 0.44765697945845007,
        "point": 52.691118113912225,
        "point_raw": 0.5269111811391223
      },
      "est_cost_usd": null,
      "hardware": {
        "cpu": "AMD64 Family 26 Model 68 Stepping 0, AuthenticAMD",
        "gpu": {
          "driver": "596.36",
          "name": "NVIDIA GeForce RTX 5090",
          "vram_gb": 31.8,
          "vram_mb": 32607
        },
        "os": "Windows-11-10.0.26200-SP0",
        "ram_gb": null
      },
      "lane": "answer-only",
      "n_errors": 0,
      "n_items": 359,
      "quant_label": "Q6_K",
      "run_id": "qwen3-6-27b__lcpp-q6_k",
      "runtime": {
        "ctx_len_configured": null,
        "kv_cache_quant": "unknown",
        "name": null,
        "parallel_slots": null,
        "version": null
      },
      "tier": "standard",
      "tok_s": 104.41113087000018,
      "tokens_to_answer_median": 802.0,
      "tokens_to_answer_p95": 2048.0,
      "vram_footprint_gb": 25.0,
      "wall_time_seconds": 3490.6335843999404
    },
    {
      "axes": {
        "agentic": {
          "hi": 96.25,
          "hi_raw": 0.9625,
          "lo": 85.0,
          "lo_raw": 0.85,
          "n": 80,
          "n_errors": 0,
          "n_no_answer": 0,
          "point": 91.25,
          "point_raw": 0.9125,
          "raw_accuracy": 0.9125
        },
        "instruction": {
          "hi": 65.0,
          "hi_raw": 0.65,
          "lo": 42.5,
          "lo_raw": 0.425,
          "n": 80,
          "n_errors": 0,
          "n_no_answer": 0,
          "point": 53.75,
          "point_raw": 0.5375,
          "raw_accuracy": 0.5375
        },
        "knowledge": {
          "hi": 61.111111111111114,
          "hi_raw": 0.6111111111111112,
          "lo": 36.11111111111111,
          "lo_raw": 0.3611111111111111,
          "n": 80,
          "n_errors": 0,
          "n_no_answer": 13,
          "point": 48.61111111111111,
          "point_raw": 0.48611111111111105,
          "raw_accuracy": 0.5375
        },
        "math": {
          "hi": 10.084033613445378,
          "hi_raw": 0.10084033613445378,
          "lo": 1.680672268907563,
          "lo_raw": 0.01680672268907563,
          "n": 119,
          "n_errors": 0,
          "n_no_answer": 0,
          "point": 5.88235294117647,
          "point_raw": 0.058823529411764705,
          "raw_accuracy": 0.058823529411764705
        }
      },
      "composite": {
        "hi": 58.11128618113912,
        "hi_raw": 0.5811128618113912,
        "lo": 41.32294584500467,
        "lo_raw": 0.41322945845004666,
        "point": 49.87336601307189,
        "point_raw": 0.4987336601307189
      },
      "est_cost_usd": null,
      "hardware": {
        "cpu": "AMD64 Family 26 Model 68 Stepping 0, AuthenticAMD",
        "gpu": {
          "driver": "596.36",
          "name": "NVIDIA GeForce RTX 5090",
          "vram_gb": 31.8,
          "vram_mb": 32607
        },
        "os": "Windows-11-10.0.26200-SP0",
        "ram_gb": null
      },
      "lane": "answer-only",
      "n_errors": 0,
      "n_items": 359,
      "quant_label": "Q4_K_M",
      "run_id": "qwen3-6-27b__lcpp-q4_k_m",
      "runtime": {
        "ctx_len_configured": null,
        "kv_cache_quant": "unknown",
        "name": null,
        "parallel_slots": null,
        "version": null
      },
      "tier": "standard",
      "tok_s": 106.97385639032359,
      "tokens_to_answer_median": 699.0,
      "tokens_to_answer_p95": 2048.0,
      "vram_footprint_gb": 20.0,
      "wall_time_seconds": 3389.8843346999492
    },
    {
      "axes": {
        "agentic": {
          "hi": 98.75,
          "hi_raw": 0.9875,
          "lo": 90.0,
          "lo_raw": 0.9,
          "n": 80,
          "n_errors": 0,
          "n_no_answer": 0,
          "point": 95.0,
          "point_raw": 0.95,
          "raw_accuracy": 0.95
        },