{
  "catalog_id": "Qwen/Qwen3.6-27B",
  "demo": false,
  "family": "Qwen3.6",
  "gguf_repo": "unsloth/Qwen3.6-27B-MTP-GGUF",
  "kind": "community",
  "license": "apache-2.0",
  "model_label": "Qwen3.6 27B",
  "org": "Qwen",
  "runs": [
    {
      "axes": {
        "agentic": {
          "conditional_accuracy": 0.125,
          "hi": 19.791666666666664,
          "hi_raw": 0.19791666666666666,
          "leaked_reasoning_rate": null,
          "lo": 6.25,
          "lo_raw": 0.0625,
          "n": 96,
          "n_errors": 0,
          "n_no_answer": 0,
          "no_final_answer_rate": null,
          "point": 12.5,
          "point_raw": 0.125,
          "raw_accuracy": 0.125,
          "termination_rate": 1.0,
          "truncation_rate": null
        },
        "instruction": {
          "conditional_accuracy": 0.6903914590747331,
          "hi": 71.42857142857143,
          "hi_raw": 0.7142857142857143,
          "lo": 60.544217687074834,
          "lo_raw": 0.6054421768707483,
          "n": 294,
          "n_errors": 0,
          "n_no_answer": 0,
          "point": 65.98639455782312,
          "point_raw": 0.6598639455782312,
          "raw_accuracy": 0.6598639455782312,
          "termination_rate": 0.95578231292517
        },
        "knowledge": {
          "conditional_accuracy": 0.85678391959799,
          "hi": 87.3711500939925,
          "hi_raw": 0.873711500939925,
          "lo": 79.51319904136561,
          "lo_raw": 0.7951319904136561,
          "n": 400,
          "n_errors": 0,
          "n_no_answer": 2,
          "point": 83.44217456767906,
          "point_raw": 0.8344217456767906,
          "raw_accuracy": 0.8525,
          "termination_rate": 0.995
        }
      },
      "bpw": 8.5,
      "composite": {
        "hi": 41.51508729108343,
        "hi_raw": 0.41515087291083436,
        "lo": 30.83640990698618,
        "lo_raw": 0.3083640990698618,
        "point": 35.830356711031655,
        "point_raw": 0.3583035671103166
      },
      "composite_full": null,
      "composite_static": null,
      "est_cost_usd": null,
      "file_gb": 28.7,
      "hardware": {
        "cpu": "AMD64 Family 26 Model 68 Stepping 0, AuthenticAMD",
        "gpu": {
          "driver": "596.36",
          "name": "NVIDIA GeForce RTX 5090",
          "vram_gb": 31.8,
          "vram_mb": 32607
        },
        "os": "Windows-11-10.0.26200-SP0",
        "ram_gb": null
      },
      "lane": "capped-thinking",
      "latency_s_median": 46.197,
      "n_errors": 0,
      "n_items": 694,
      "origin": "community",
      "quant_label": "Q8_0",
      "ranked": false,
      "run_id": "qwen3-6-27b__ladder-qwen36-27b-Q8_0",
      "runtime": {
        "ctx_len_configured": null,
        "kv_cache_quant": "unknown",
        "name": null,
        "parallel_slots": null,
        "version": null
      },
      "score_status": "measured",
      "tier": "standard",
      "tok_s": 86.43396123658992,
      "tokens_to_answer_median": 3993.0,
      "tokens_to_answer_p95": 9056.150000000001,
      "trust_label": "community_re_scored",
      "vram_footprint_gb": 28.6,
      "vram_required_gb_8k": 31.0,
      "wall_time_seconds": 38569.341868699994
    },
    {
      "axes": {
        "agentic": {
          "conditional_accuracy": 0.14583333333333334,
          "hi": 21.875,
          "hi_raw": 0.21875,
          "leaked_reasoning_rate": null,
          "lo": 7.291666666666667,
          "lo_raw": 0.07291666666666667,
          "n": 96,
          "n_errors": 0,
          "n_no_answer": 0,
          "no_final_answer_rate": null,
          "point": 14.583333333333334,
          "point_raw": 0.14583333333333334,
          "raw_accuracy": 0.14583333333333334,
          "termination_rate": 1.0,
          "truncation_rate": null
        },
        "instruction": {
          "conditional_accuracy": 0.6947368421052632,
          "hi": 72.78911564625851,
          "hi_raw": 0.7278911564625851,
          "lo": 61.904761904761905,
          "lo_raw": 0.6190476190476191,
          "n": 294,
          "n_errors": 0,
          "n_no_answer": 0,
          "point": 67.3469387755102,
          "point_raw": 0.673469387755102,
          "raw_accuracy": 0.673469387755102,
          "termination_rate": 0.9693877551020408
        },
        "knowledge": {
          "conditional_accuracy": 0.8542713567839196,
          "hi": 87.09050898497011,
          "hi_raw": 0.8709050898497012,
          "lo": 79.23255793234323,
          "lo_raw": 0.7923255793234323,
          "n": 400,
          "n_errors": 0,
          "n_no_answer": 0,
          "point": 83.16153345865666,
          "point_raw": 0.8316153345865667,
          "raw_accuracy": 0.85,
          "termination_rate": 0.995
        }
      },
      "bpw": 6.6,
      "composite": {
        "hi": 43.93142817821444,
        "hi_raw": 0.4393142817821444,
        "lo": 31.587465216705162,
        "lo_raw": 0.31587465216705163,
        "point": 37.334921877239616,
        "point_raw": 0.3733492187723962
      },
      "composite_full": null,
      "composite_static": null,
      "est_cost_usd": null,
      "file_gb": 22.3,
      "hardware": {
        "cpu": "AMD64 Family 26 Model 68 Stepping 0, AuthenticAMD",
        "gpu": {
          "driver": "596.36",
          "name": "NVIDIA GeForce RTX 5090",
          "vram_gb": 31.8,
          "vram_mb": 32607
        },
        "os": "Windows-11-10.0.26200-SP0",
        "ram_gb": null
      },
      "lane": "capped-thinking",
      "latency_s_median": 24.258,
      "n_errors": 0,
      "n_items": 694,
      "origin": "community",
      "quant_label": "Q6_K",
      "ranked": false,
      "run_id": "qwen3-6-27b__ladder-qwen36-27b-Q6_K",
      "runtime": {
        "ctx_len_configured": null,
        "kv_cache_quant": "unknown",
        "name": null,
        "parallel_slots": null,
        "version": null
      },
      "score_status": "measured",
      "tier": "standard",
      "tok_s": 165.59436348083366,
      "tokens_to_answer_median": 4017.0,
      "tokens_to_answer_p95": 9077.35,
      "trust_label": "community_re_scored",
      "vram_footprint_gb": 22.08,
      "vram_required_gb_8k": 24.6,
      "wall_time_seconds": 20113.836787600012
    },
    {
      "axes": {},
      "bpw": 5.7,
      "composite": null,
      "demo": false,
      "est_cost_usd": null,
      "file_gb": 19.2,
      "hardware": {
        "cpu": null,
        "gpu": null,
        "os": null,
        "ram_gb": null
      },
      "lane": "answer-only",
      "n_errors": 0,
      "n_items": 0,
      "quant_label": "Q5_K_M",
      "ranked": false,
      "run_id": null,
      "runtime": {
        "ctx_len_configured": null,
        "kv_cache_quant": null,
        "name": null,
        "parallel_slots": null,
        "version": null
      },
      "score_status": "missing",
      "tier": null,
      "tok_s": null,
      "tokens_to_answer_median": null,
      "tokens_to_answer_p95": null,
      "vram_footprint_gb": 19.2,
      "vram_required_gb_8k": 21.6,
      "wall_time_seconds": null
    },
    {
      "axes": {
        "agentic": {
          "conditional_accuracy": 0.14583333333333334,
          "hi": 21.875,
          "hi_raw": 0.21875,
          "leaked_reasoning_rate": null,
          "lo": 8.333333333333332,
          "lo_raw": 0.08333333333333333,
          "n": 96,
          "n_errors": 0,
          "n_no_answer": 0,
          "no_final_answer_rate": null,
          "point": 14.583333333333334,
          "point_raw": 0.14583333333333334,
          "raw_accuracy": 0.14583333333333334,
          "termination_rate": 1.0,
          "truncation_rate": null
        },
        "instruction": {
          "conditional_accuracy": 0.7107142857142857,
          "hi": 73.12925170068027,
          "hi_raw": 0.7312925170068028,
          "lo": 62.244897959183675,
          "lo_raw": 0.6224489795918368,
          "n": 294,
          "n_errors": 0,
          "n_no_answer": 0,
          "point": 67.68707482993197,