{
  "catalog_id": "Qwen/Qwen3.6-27B",
  "demo": false,
  "family": "Qwen3.6",
  "gguf_repo": "unsloth/Qwen3.6-27B-MTP-GGUF",
  "kind": "community",
  "license": "apache-2.0",
  "model_label": "Qwen3.6 27B",
  "org": "Qwen",
  "runs": [
    {
      "axes": {
        "instruction": {
          "conditional_accuracy": 0.6903914590747331,
          "hi": 71.42857142857143,
          "hi_raw": 0.7142857142857143,
          "lo": 60.544217687074834,
          "lo_raw": 0.6054421768707483,
          "n": 294,
          "n_errors": 0,
          "n_no_answer": 0,
          "point": 65.98639455782312,
          "point_raw": 0.6598639455782312,
          "raw_accuracy": 0.6598639455782312,
          "termination_rate": 0.95578231292517
        },
        "knowledge": {
          "conditional_accuracy": 0.85678391959799,
          "hi": 87.3711500939925,
          "hi_raw": 0.873711500939925,
          "lo": 79.51319904136561,
          "lo_raw": 0.7951319904136561,
          "n": 400,
          "n_errors": 0,
          "n_no_answer": 2,
          "point": 83.44217456767906,
          "point_raw": 0.8344217456767906,
          "raw_accuracy": 0.8525,
          "termination_rate": 0.995
        }
      },
      "bpw": 8.5,
      "composite": {
        "hi": 37.43791387063453,
        "hi_raw": 0.3743791387063453,
        "lo": 25.65715478406317,
        "lo_raw": 0.2565715478406317,
        "point": 31.16428536882533,
        "point_raw": 0.3116428536882533
      },
      "est_cost_usd": null,
      "file_gb": 28.7,
      "hardware": {
        "cpu": "AMD64 Family 26 Model 68 Stepping 0, AuthenticAMD",
        "gpu": {
          "driver": "596.36",
          "name": "NVIDIA GeForce RTX 5090",
          "vram_gb": 31.8,
          "vram_mb": 32607
        },
        "os": "Windows-11-10.0.26200-SP0",
        "ram_gb": null
      },
      "lane": "capped-thinking",
      "latency_s_median": 46.197,
      "n_errors": 0,
      "n_items": 694,
      "quant_label": "Q8_0",
      "run_id": "qwen3-6-27b__ladder-qwen36-27b-Q8_0",
      "runtime": {
        "ctx_len_configured": null,
        "kv_cache_quant": "unknown",
        "name": null,
        "parallel_slots": null,
        "version": null
      },
      "score_status": "measured",
      "tier": "standard",
      "tok_s": 86.43396123658992,
      "tokens_to_answer_median": 3993.0,
      "tokens_to_answer_p95": 9056.150000000001,
      "vram_footprint_gb": 28.6,
      "vram_required_gb_8k": 31.0,
      "wall_time_seconds": 38569.341868699994
    },
    {
      "axes": {
        "instruction": {
          "conditional_accuracy": 0.6947368421052632,
          "hi": 72.78911564625851,
          "hi_raw": 0.7278911564625851,
          "lo": 61.904761904761905,
          "lo_raw": 0.6190476190476191,
          "n": 294,
          "n_errors": 0,
          "n_no_answer": 0,
          "point": 67.3469387755102,
          "point_raw": 0.673469387755102,
          "raw_accuracy": 0.673469387755102,
          "termination_rate": 0.9693877551020408
        },
        "knowledge": {
          "conditional_accuracy": 0.8542713567839196,
          "hi": 87.09050898497011,
          "hi_raw": 0.8709050898497012,
          "lo": 79.23255793234323,
          "lo_raw": 0.7923255793234323,
          "n": 400,
          "n_errors": 0,
          "n_no_answer": 0,
          "point": 83.16153345865666,
          "point_raw": 0.8316153345865667,
          "raw_accuracy": 0.85,
          "termination_rate": 0.995
        }
      },
      "bpw": 6.6,
      "composite": {
        "hi": 40.184781761309786,
        "hi_raw": 0.40184781761309785,
        "lo": 26.383487140791473,
        "lo_raw": 0.26383487140791473,
        "point": 32.784604168458365,
        "point_raw": 0.32784604168458364
      },
      "est_cost_usd": null,
      "file_gb": 22.3,
      "hardware": {
        "cpu": "AMD64 Family 26 Model 68 Stepping 0, AuthenticAMD",
        "gpu": {
          "driver": "596.36",
          "name": "NVIDIA GeForce RTX 5090",
          "vram_gb": 31.8,
          "vram_mb": 32607
        },
        "os": "Windows-11-10.0.26200-SP0",
        "ram_gb": null
      },
      "lane": "capped-thinking",
      "latency_s_median": 24.258,
      "n_errors": 0,
      "n_items": 694,
      "quant_label": "Q6_K",
      "run_id": "qwen3-6-27b__ladder-qwen36-27b-Q6_K",
      "runtime": {
        "ctx_len_configured": null,
        "kv_cache_quant": "unknown",
        "name": null,
        "parallel_slots": null,
        "version": null
      },
      "score_status": "measured",
      "tier": "standard",
      "tok_s": 165.59436348083366,
      "tokens_to_answer_median": 4017.0,
      "tokens_to_answer_p95": 9077.35,
      "vram_footprint_gb": 22.08,
      "vram_required_gb_8k": 24.6,
      "wall_time_seconds": 20113.836787600012
    },
    {
      "axes": {},
      "bpw": 5.7,
      "composite": null,
      "demo": false,
      "est_cost_usd": null,
      "file_gb": 19.2,
      "hardware": {
        "cpu": null,
        "gpu": null,
        "os": null,
        "ram_gb": null
      },
      "lane": "answer-only",
      "n_errors": 0,
      "n_items": 0,
      "quant_label": "Q5_K_M",
      "run_id": null,
      "runtime": {
        "ctx_len_configured": null,
        "kv_cache_quant": null,
        "name": null,
        "parallel_slots": null,
        "version": null
      },
      "score_status": "missing",
      "tier": null,
      "tok_s": null,
      "tokens_to_answer_median": null,
      "tokens_to_answer_p95": null,
      "vram_footprint_gb": 19.2,
      "vram_required_gb_8k": 21.6,
      "wall_time_seconds": null
    },
    {
      "axes": {
        "instruction": {
          "conditional_accuracy": 0.7107142857142857,
          "hi": 73.12925170068027,
          "hi_raw": 0.7312925170068028,
          "lo": 62.244897959183675,
          "lo_raw": 0.6224489795918368,
          "n": 294,
          "n_errors": 0,
          "n_no_answer": 0,
          "point": 67.68707482993197,
          "point_raw": 0.6768707482993197,
          "raw_accuracy": 0.6768707482993197,
          "termination_rate": 0.9523809523809523
        },
        "knowledge": {
          "conditional_accuracy": 0.8442211055276381,
          "hi": 85.96794454888055,
          "hi_raw": 0.8596794454888055,
          "lo": 77.82935238723128,
          "lo_raw": 0.7782935238723128,
          "n": 400,
          "n_errors": 0,
          "n_no_answer": 1,
          "point": 82.03896902256712,
          "point_raw": 0.8203896902256712,
          "raw_accuracy": 0.84,
          "termination_rate": 0.995
        }
      },
      "bpw": 4.85,
      "composite": {
        "hi": 39.55987885073626,
        "hi_raw": 0.39559878850736263,
        "lo": 26.5354463073413,
        "lo_raw": 0.265354463073413,
        "point": 32.6672399112082,
        "point_raw": 0.32667239911208196
      },
      "est_cost_usd": null,
      "file_gb": 16.4,
      "hardware": {
        "cpu": "AMD64 Family 26 Model 68 Stepping 0, AuthenticAMD",
        "gpu": {
          "driver": "596.36",
          "name": "NVIDIA GeForce RTX 5090",
          "vram_gb": 31.8,
          "vram_mb": 32607
        },
        "os": "Windows-11-10.0.26200-SP0",
        "ram_gb": null
      },
      "lane": "capped-thinking",
      "latency_s_median": 28.383,
      "n_errors": 0,
      "n_items": 694,
      "quant_label": "Q4_K_M",
      "run_id": "qwen3-6-27b__ladder-qwen36-27b-Q4_K_M",
      "runtime": {
        "ctx_len_configured": null,
        "kv_cache_quant": "unknown",
        "name": null,
        "parallel_slots": null,
        "version": null
      },
      "score_status": "measured",
      "tier": "standard",
      "tok_s": 140.47283591642662,
      "tokens_to_answer_median": 3987.0,
      "tokens_to_answer_p95": 9046.7,
      "vram_footprint_gb": 16.55,
      "vram_required_gb_8k": 18.7,