{
  "base_model": "Qwen/Qwen3.6-27B",
  "catalog_id": "Jackrong/Qwopus3.6-27B-v2-MTP",
  "demo": false,
  "family": "Qwen3.6",
  "gguf_repo": "Jackrong/Qwopus3.6-27B-v2-MTP-GGUF",
  "hf_model_id": "Jackrong/Qwopus3.6-27B-v2-MTP",
  "kind": "community",
  "license": "apache-2.0",
  "model_kind": "finetune",
  "model_label": "Qwopus 3.6 27B v2 MTP",
  "org": "Jackrong",
  "runs": [
    {
      "agentic_provenance": "project_attested",
      "axes": {
        "coding": {
          "conditional_accuracy": 0.28378378378378377,
          "hi": 35.810810810810814,
          "hi_raw": 0.3581081081081081,
          "lo": 20.945945945945947,
          "lo_raw": 0.20945945945945946,
          "n": 148,
          "n_errors": 0,
          "n_no_answer": 0,
          "point": 28.37837837837838,
          "point_raw": 0.28378378378378377,
          "raw_accuracy": 0.28378378378378377,
          "termination_rate": 1.0
        },
        "instruction": {
          "conditional_accuracy": 0.6159420289855072,
          "hi": 63.26530612244898,
          "hi_raw": 0.6326530612244898,
          "lo": 52.04081632653062,
          "lo_raw": 0.5204081632653061,
          "n": 294,
          "n_errors": 0,
          "n_no_answer": 0,
          "point": 57.82312925170068,
          "point_raw": 0.5782312925170068,
          "raw_accuracy": 0.5782312925170068,
          "termination_rate": 0.9387755102040817
        },
        "knowledge": {
          "conditional_accuracy": 0.8505154639175259,
          "hi": 84.28409789474622,
          "hi_raw": 0.8428409789474622,
          "lo": 76.14550573309694,
          "lo_raw": 0.7614550573309694,
          "n": 400,
          "n_errors": 0,
          "n_no_answer": 12,
          "point": 80.35512236843277,
          "point_raw": 0.8035512236843277,
          "raw_accuracy": 0.825,
          "termination_rate": 0.97
        },
        "math": {
          "conditional_accuracy": 0.3543609556799005,
          "hi": 33.093525179856115,
          "hi_raw": 0.33093525179856115,
          "lo": 18.705035971223023,
          "lo_raw": 0.18705035971223022,
          "n": 139,
          "n_errors": 0,
          "n_no_answer": 37,
          "point": 25.899280575539567,
          "point_raw": 0.2589928057553957,
          "raw_accuracy": 0.2589928057553957,
          "termination_rate": 0.697841726618705
        },
        "tool_use": {
          "conditional_accuracy": 0.14383561643835616,
          "hi": 22.224610555684727,
          "hi_raw": 0.22224610555684726,
          "lo": 9.403274711946635,
          "lo_raw": 0.09403274711946635,
          "n": 146,
          "n_errors": 0,
          "n_no_answer": 0,
          "point": 15.397058823529411,
          "point_raw": 0.1539705882352941,
          "raw_accuracy": 0.14383561643835616,
          "termination_rate": 1.0
        }
      },
      "axis_status": {
        "bfcl_multi_turn_long_context": {
          "axis": "bfcl_multi_turn_long_context",
          "reason": "not_run",
          "status": "not_measured"
        },
        "bfcl_single_turn": {
          "axis": "bfcl_single_turn",
          "reason": "not_run",
          "status": "not_measured"
        },
        "call_formatting": {
          "axis": "call_formatting",
          "reason": "not_run",
          "status": "not_measured"
        },
        "coding": {
          "axis": "coding",
          "reason": "ok",
          "status": "measured"
        },
        "instruction_following": {
          "axis": "instruction_following",
          "reason": "ok",
          "status": "measured"
        },
        "knowledge": {
          "axis": "knowledge",
          "reason": "ok",
          "status": "measured"
        },
        "long_context": {
          "axis": "long_context",
          "reason": "not_run",
          "status": "not_measured"
        },
        "math": {
          "axis": "math",
          "reason": "ok",
          "status": "measured"
        },
        "tool_use": {
          "axis": "tool_use",
          "reason": "ok",
          "status": "measured"
        }
      },
      "bpw": 4.85,
      "composite": {
        "hi": 47.92899088798103,
        "hi_raw": 0.4792899088798103,
        "lo": 42.33152543040187,
        "lo_raw": 0.4233152543040187,
        "point": 45.12494541039189,
        "point_raw": 0.45124945410391887
      },
      "composite_full": {
        "hi": 47.92899088798103,
        "hi_raw": 0.4792899088798103,
        "lo": 42.33152543040187,
        "lo_raw": 0.4233152543040187,
        "point": 45.12494541039189,
        "point_raw": 0.45124945410391887
      },
      "composite_static": {
        "hi": 55.62104131542001,
        "hi_raw": 0.5562104131542001,
        "lo": 49.487356574038394,
        "lo_raw": 0.49487356574038394,
        "point": 52.5569170571075,
        "point_raw": 0.525569170571075
      },
      "est_cost_usd": null,
      "file_gb": 15.7,
      "hardware": {
        "cpu": "AMD64 Family 26 Model 68 Stepping 0, AuthenticAMD",
        "gpu": {
          "driver": "610.62",
          "name": "NVIDIA GeForce RTX 5090",
          "vram_gb": 31.8,
          "vram_mb": 32607
        },
        "os": "Windows-11-10.0.26200-SP0",
        "ram_gb": null
      },
      "has_code_artifacts": true,
      "index_version": "index-v4.0",
      "lane": "bounded-final-v2",
      "latency_s_median": 25.451,
      "n_errors": 0,
      "n_items": 1457,
      "origin": "project_anchor",
      "perf": {
        "decode_tps": 70.96000347474812,
        "per_bench": {
          "amo": {
            "decode_tps": 66.76249535930448,
            "n": 39,
            "prefill_tps": 1250.5872772764988,
            "prompt_ms_median": 197.14
          },
          "bfcl_multi_turn_base": {
            "decode_tps": 72.54313450715513,
            "n": 50,
            "prefill_tps": 3324.404306887385,
            "prompt_ms_median": 1976.373
          },
          "bigcodebench_hard": {
            "decode_tps": 66.60187042597204,
            "n": 148,
            "prefill_tps": 2711.9455048536147,
            "prompt_ms_median": 209.6635
          },
          "ifbench": {
            "decode_tps": 76.36291276956096,
            "n": 294,
            "prefill_tps": 2881.618544029568,
            "prompt_ms_median": 381.7155
          },
          "mmlu_pro": {
            "decode_tps": 69.46172128728033,
            "n": 400,
            "prefill_tps": 2582.7600465212877,
            "prompt_ms_median": 362.3935
          },
          "olymmath_hard": {
            "decode_tps": 71.59718451032138,
            "n": 100,
            "prefill_tps": 945.653846156212,
            "prompt_ms_median": 161.41049999999998
          },
          "tc_json_v1": {
            "decode_tps": 68.65748878300043,
            "n": 330,
            "prefill_tps": 2657.526640841186,
            "prompt_ms_median": 471.4035
          }
        },
        "predicted_ms_median": 22347.398,
        "predicted_ms_p95": 216472.391,
        "prefill_tps": 2729.1008493726317,
        "prompt_ms_median": 396.06899999999996,
        "prompt_ms_p95": 1874.07,
        "timings_coverage": 0.9341111873713109,
        "timings_source": "llama.cpp",
        "ttft_proxy_ms_median": 396.06899999999996
      },
      "quant_label": "Q4_K_M",
      "ranked": true,
      "run_id": "qwopus3-6-27b-v2-mtp__qwopus3-6-27b-v2-mtp-q4km-s2v5",
      "runtime": {
        "ctx_len_configured": 32768,
        "kv_cache_quant": "k=f16,v=f16",
        "name": "llama.cpp",
        "parallel_slots": 1,
        "version": "b9852/fd1a05791"
      },
      "score_status": "measured",
      "static_index_version": "static-suite-v3",
      "tier": "standard",
      "tok_s": 63.77079230297856,
      "tokens_to_answer_median": 1623.0,
      "tokens_to_answer_p95": 16384.0,
      "trust_label": "project_anchor",
      "verdict_source": "verifier",
      "vram_footprint_gb": 16.810713312,
      "vram_required_gb_8k": 18.1,