{
  "base_model": "Qwen/Qwen3.6-27B",
  "catalog_id": "Jackrong/Qwopus3.6-27B-v2-MTP",
  "demo": false,
  "family": "Qwen3.6",
  "gguf_repo": "Jackrong/Qwopus3.6-27B-v2-MTP-GGUF",
  "hf_model_id": "Jackrong/Qwopus3.6-27B-v2-MTP",
  "kind": "community",
  "license": "apache-2.0",
  "model_kind": "finetune",
  "model_label": "Qwopus 3.6 27B v2 MTP",
  "org": "Jackrong",
  "runs": [
    {
      "agentic_provenance": "project_attested",
      "axes": {
        "coding": {
          "ambiguous_or_contaminated_final_rate": 0.0,
          "budget_cap_hit_rate": 0.0,
          "conditional_accuracy": 0.28378378378378377,
          "empty_final_rate": 0.0,
          "hi": 35.810810810810814,
          "hi_raw": 0.3581081081081081,
          "leaked_reasoning_rate": 0.0,
          "lo": 20.945945945945947,
          "lo_raw": 0.20945945945945946,
          "measurement_truncation_rate": 0.0,
          "n": 148,
          "n_errors": 0,
          "n_no_answer": 7,
          "no_final_answer_rate": 0.0,
          "point": 28.37837837837838,
          "point_raw": 0.28378378378378377,
          "raw_accuracy": 0.28378378378378377,
          "termination_rate": 1.0,
          "truncation_rate": 0.0
        },
        "instruction": {
          "ambiguous_or_contaminated_final_rate": 0.0,
          "budget_cap_hit_rate": 0.061224489795918366,
          "conditional_accuracy": 0.6159420289855072,
          "empty_final_rate": 0.0,
          "hi": 63.26530612244898,
          "hi_raw": 0.6326530612244898,
          "leaked_reasoning_rate": 0.0,
          "lo": 52.04081632653062,
          "lo_raw": 0.5204081632653061,
          "measurement_truncation_rate": 0.0,
          "n": 294,
          "n_errors": 0,
          "n_no_answer": 0,
          "no_final_answer_rate": 0.0,
          "point": 57.82312925170068,
          "point_raw": 0.5782312925170068,
          "raw_accuracy": 0.5782312925170068,
          "termination_rate": 0.9387755102040817,
          "truncation_rate": 0.061224489795918366
        },
        "knowledge": {
          "ambiguous_or_contaminated_final_rate": 0.0,
          "budget_cap_hit_rate": 0.03,
          "conditional_accuracy": 0.8505154639175259,
          "empty_final_rate": 0.0,
          "hi": 84.28409789474622,
          "hi_raw": 0.8428409789474622,
          "leaked_reasoning_rate": 0.0,
          "lo": 76.14550573309694,
          "lo_raw": 0.7614550573309694,
          "measurement_truncation_rate": 0.0,
          "n": 400,
          "n_errors": 0,
          "n_no_answer": 12,
          "no_final_answer_rate": 0.0,
          "point": 80.35512236843277,
          "point_raw": 0.8035512236843277,
          "raw_accuracy": 0.825,
          "termination_rate": 0.97,
          "truncation_rate": 0.03
        },
        "math": {
          "ambiguous_or_contaminated_final_rate": 0.0,
          "budget_cap_hit_rate": 0.3898717948717949,
          "conditional_accuracy": 0.3543609556799005,
          "empty_final_rate": 0.0,
          "hi": 33.093525179856115,
          "hi_raw": 0.33093525179856115,
          "leaked_reasoning_rate": 0.0,
          "lo": 18.705035971223023,
          "lo_raw": 0.18705035971223022,
          "measurement_truncation_rate": 0.0,
          "n": 139,
          "n_errors": 0,
          "n_no_answer": 37,
          "no_final_answer_rate": 0.0,
          "point": 25.899280575539567,
          "point_raw": 0.2589928057553957,
          "raw_accuracy": 0.2589928057553957,
          "termination_rate": 0.697841726618705,
          "truncation_rate": 0.3898717948717949
        },
        "tool_use": {
          "ambiguous_or_contaminated_final_rate": 0.0,
          "budget_cap_hit_rate": 0.0,
          "conditional_accuracy": 0.09375,
          "empty_final_rate": 1.0,
          "facets": {
            "agentic": {
              "bench": "appworld_c",
              "hi": 17.348047914818086,
              "hi_raw": 0.17348047914818085,
              "lo": 3.0927835051546393,
              "lo_raw": 0.030927835051546393,
              "n": 96,
              "point": 9.375,
              "point_raw": 0.09375,
              "raw_accuracy": 0.09375,
              "weight": 1.0
            }
          },
          "hi": 17.348047914818086,
          "hi_raw": 0.17348047914818085,
          "leaked_reasoning_rate": 0.0,
          "lo": 3.0927835051546393,
          "lo_raw": 0.030927835051546393,
          "measurement_truncation_rate": 0.0,
          "n": 96,
          "n_errors": 0,
          "n_no_answer": 0,
          "no_final_answer_rate": 1.0,
          "point": 9.375,
          "point_raw": 0.09375,
          "raw_accuracy": 0.09375,
          "termination_rate": 1.0,
          "truncation_rate": 0.0
        }
      },
      "axis_status": {
        "bfcl_multi_turn_long_context": {
          "axis": "bfcl_multi_turn_long_context",
          "reason": "not_run",
          "status": "not_measured"
        },
        "bfcl_single_turn": {
          "axis": "bfcl_single_turn",
          "reason": "not_run",
          "status": "not_measured"
        },
        "call_formatting": {
          "axis": "call_formatting",
          "reason": "not_run",
          "status": "not_measured"
        },
        "coding": {
          "axis": "coding",
          "reason": "ok",
          "status": "measured"
        },
        "instruction_following": {
          "axis": "instruction_following",
          "reason": "ok",
          "status": "measured"
        },
        "knowledge": {
          "axis": "knowledge",
          "reason": "ok",
          "status": "measured"
        },
        "long_context": {
          "axis": "long_context",
          "reason": "not_run",
          "status": "not_measured"
        },
        "math": {
          "axis": "math",
          "reason": "ok",
          "status": "measured"
        },
        "tool_use": {
          "axis": "tool_use",
          "reason": "ok",
          "status": "measured"
        }
      },
      "bpw": 4.85,
      "composite": {
        "hi": 44.74540051452666,
        "hi_raw": 0.44745400514526656,
        "lo": 38.89372233304964,
        "lo_raw": 0.3889372233304964,
        "point": 41.76143779283063,
        "point_raw": 0.4176143779283063
      },
      "composite_full": {
        "hi": 44.74540051452666,
        "hi_raw": 0.44745400514526656,
        "lo": 38.89372233304964,
        "lo_raw": 0.3889372233304964,
        "point": 41.76143779283063,
        "point_raw": 0.4176143779283063
      },
      "composite_static": {
        "hi": 55.62104131542001,
        "hi_raw": 0.5562104131542001,
        "lo": 49.487356574038394,
        "lo_raw": 0.49487356574038394,
        "point": 52.5569170571075,
        "point_raw": 0.525569170571075
      },
      "diagnostics": {
        "call_formatting": {
          "conditional_accuracy": 0.7393939393939394,
          "hi": 78.48484848484848,
          "hi_raw": 0.7848484848484848,
          "lo": 69.0909090909091,
          "lo_raw": 0.6909090909090909,
          "n": 330,
          "n_errors": 0,
          "n_no_answer": 1,
          "point": 73.93939393939394,
          "point_raw": 0.7393939393939394,
          "raw_accuracy": 0.7393939393939394,
          "termination_rate": 1.0
        },
        "multi_turn_tool_control": {
          "conditional_accuracy": 0.24,
          "hi": 36.0,
          "hi_raw": 0.36,
          "lo": 12.0,
          "lo_raw": 0.12,
          "n": 50,
          "n_errors": 0,
          "n_no_answer": 0,
          "point": 24.0,
          "point_raw": 0.24,
          "raw_accuracy": 0.24,
          "termination_rate": 1.0
        }
      },
      "est_cost_usd": null,
      "file_gb": 15.7,
      "hardware": {
        "cpu": "AMD64 Family 26 Model 68 Stepping 0, AuthenticAMD",
        "gpu": {
          "driver": "610.62",
          "name": "NVIDIA GeForce RTX 5090",
          "vram_gb": 31.8,
          "vram_mb": 32607
        },
        "os": "Windows-11-10.0.26200-SP0",